Event,Elevation [m],Depth water [m],Longitude,Latitude,Symbiosis,Spinose,export,grid_thickness,organic_export_m3,inorganic_export_m3,prop
Benguela_trap,-595,545,12.98,-23,No,No,127470,147.22389999999996,0.06096844669921121,0.021948640811716037,0.7841894801599508
Benguela_trap,-595,545,12.98,-23,No,Yes,35080,147.22389999999996,0.016778638975510546,0.006040310031183797,0.2158105198400492
Benguela_trap,-595,545,12.98,-23,Undetermined,Undetermined,0,147.22389999999996,0,0,0
Benguela_trap,-595,545,12.98,-23,Yes,No,0,147.22389999999996,0,0,0
Benguela_trap,-595,545,12.98,-23,Yes,Yes,0,147.22389999999996,0,0,0
Benguela_trap,-595,545,12.98,-23,NA,NA,0,147.22389999999996,0,0,0
CB1_trap,-3646,2195,-19.742,20.755,No,No,324.3,420.3273000000004,5.432938807448382e-5,1.9558579706814173e-5,0.21369267264101213
CB1_trap,-3646,2195,-19.742,20.755,No,Yes,538.9,420.3273000000004,9.028093503959089e-5,3.250113661425272e-5,0.35510015814443857
CB1_trap,-3646,2195,-19.742,20.755,Undetermined,Undetermined,0,420.3273000000004,0,0,0
CB1_trap,-3646,2195,-19.742,20.755,Yes,No,0,420.3273000000004,0,0,0
CB1_trap,-3646,2195,-19.742,20.755,Yes,Yes,654.4,420.3273000000004,1.09630439580457e-4,3.946695824896452e-5,0.4312071692145493
CB1_trap,-3646,2195,-19.742,20.755,NA,NA,0,420.3273000000004,0,0,0
CB2_trap,-4092,3502,-20.687,21.145,No,No,1979,567.2331999999997,2.4567423651036894e-4,8.844272514373283e-5,0.19719994021224652
CB2_trap,-4092,3502,-20.687,21.145,No,Yes,1988.3999999999999,567.2331999999997,2.4684115809864456e-4,8.886281691551205e-5,0.19813661501669075
CB2_trap,-4092,3502,-20.687,21.145,Undetermined,Undetermined,0,567.2331999999997,0,0,0
CB2_trap,-4092,3502,-20.687,21.145,Yes,No,0,567.2331999999997,0,0,0
CB2_trap,-4092,3502,-20.687,21.145,Yes,Yes,6068.0999999999995,567.2331999999997,7.532975414697169e-4,2.711871149290981e-4,0.6046634447710627
CB2_trap,-4092,3502,-20.687,21.145,NA,NA,0,567.2331999999997,0,0,0
CB3_trap,-4094,0,-20.672,21.138,No,No,5106.714,80.8407,0.004448226914165761,0.0016013616890996737,0.25501087989173793
CB3_trap,-4094,0,-20.672,21.138,No,Yes,1938.414,80.8407,0.0016884645048842973,6.078472217583469e-4,0.0967974043062649
CB3_trap,-4094,0,-20.672,21.138,Undetermined,Undetermined,17.86,80.8407,1.5557035833023052e-5,5.600532899888299e-6,8.91863988244973e-4
CB3_trap,-4094,0,-20.672,21.138,Yes,No,5822.501,80.8407,0.00507171650026946,0.0018258179400970056,0.2907547011993474
CB3_trap,-4094,0,-20.672,21.138,Yes,Yes,7139.986,80.8407,0.006219317919892661,0.002238954451161358,0.35654515061440495
CB3_trap,-4094,0,-20.672,21.138,NA,NA,0,80.8407,0,0,0
CB3_trap,-4094,730,-20.672,21.138,No,No,3948.6,198.67919999999992,0.0013994784053891905,5.038122259401087e-4,0.4406722914155618
CB3_trap,-4094,730,-20.672,21.138,No,Yes,1721.3000000000002,198.67919999999992,6.100699435740299e-4,2.1962517968665074e-4,0.19210079907147004
CB3_trap,-4094,730,-20.672,21.138,Undetermined,Undetermined,0,198.67919999999992,0,0,0
CB3_trap,-4094,730,-20.672,21.138,Yes,No,0,198.67919999999992,0,0,0
CB3_trap,-4094,730,-20.672,21.138,Yes,Yes,3290.5,198.67919999999992,0.0011662320044909923,4.198435216167572e-4,0.3672269095129682
CB3_trap,-4094,730,-20.672,21.138,NA,NA,0,198.67919999999992,0,0,0
CB3_trap,-4094,3557,-20.672,21.138,No,No,2923.2000000000003,567.2331999999997,3.6288778583482093e-4,1.3063960290053553e-4,0.4504160246533128
CB3_trap,-4094,3557,-20.672,21.138,No,Yes,911.2,567.2331999999997,1.131169097060375e-4,4.07220874941735e-5,0.14040061633281972
CB3_trap,-4094,3557,-20.672,21.138,Undetermined,Undetermined,0,567.2331999999997,0,0,0
CB3_trap,-4094,3557,-20.672,21.138,Yes,No,0,567.2331999999997,0,0,0
CB3_trap,-4094,3557,-20.672,21.138,Yes,Yes,2655.6,567.2331999999997,3.2966776274731465e-4,1.1868039458903329e-4,0.4091833590138675
CB3_trap,-4094,3557,-20.672,21.138,NA,NA,0,567.2331999999997,0,0,0
CB4_trap,-4108,733,-20.687,21.145,No,No,896.4,198.67919999999992,3.177056279670948e-4,1.1437402606815413e-4,0.6051441301559441
CB4_trap,-4108,733,-20.687,21.145,No,Yes,457.7,198.67919999999992,1.6221984149993225e-4,5.839914293997562e-5,0.3089853507054614
CB4_trap,-4108,733,-20.687,21.145,Undetermined,Undetermined,0,198.67919999999992,0,0,0
CB4_trap,-4108,733,-20.687,21.145,Yes,No,0,198.67919999999992,0,0,0
CB4_trap,-4108,733,-20.687,21.145,Yes,Yes,127.2,198.67919999999992,4.508272632464799e-5,1.6229781476873278e-5,0.08587051913859448
CB4_trap,-4108,733,-20.687,21.145,NA,NA,0,198.67919999999992,0,0,0
CB4_trap,-4108,3562,-20.687,21.145,No,No,557.6,567.2331999999997,6.922079549175429e-5,2.4919486377031545e-5,0.54453125
CB4_trap,-4108,3562,-20.687,21.145,No,Yes,338.4,567.2331999999997,4.200917717792261e-5,1.512330378405214e-5,0.33046875
CB4_trap,-4108,3562,-20.687,21.145,Undetermined,Undetermined,0,567.2331999999997,0,0,0
CB4_trap,-4108,3562,-20.687,21.145,Yes,No,0,567.2331999999997,0,0,0
CB4_trap,-4108,3562,-20.687,21.145,Yes,Yes,128,567.2331999999997,1.5889996095668127e-5,5.720398594440526e-6,0.125
CB4_trap,-4108,3562,-20.687,21.145,NA,NA,0,567.2331999999997,0,0,0
CB5_trap,-4119,3587,-20.6817,21.1433,No,No,6388,658.8793599999999,6.82707175205286e-4,2.4577458307390294e-4,0.7696571001710886
CB5_trap,-4119,3587,-20.6817,21.1433,No,Yes,1517.2,658.8793599999999,1.6214829778044145e-4,5.8373387200958916e-5,0.1827995855321815
CB5_trap,-4119,3587,-20.6817,21.1433,Undetermined,Undetermined,0,658.8793599999999,0,0,0
CB5_trap,-4119,3587,-20.6817,21.1433,Yes,No,0,658.8793599999999,0,0,0
CB5_trap,-4119,3587,-20.6817,21.1433,Yes,Yes,394.59999999999997,658.8793599999999,4.217223721603097e-5,1.518200539777115e-5,0.04754331429673004
CB5_trap,-4119,3587,-20.6817,21.1433,NA,NA,0,658.8793599999999,0,0,0
CBBT-88/89_trap,-3263,950,84.35,13.15,No,No,0,230.80190000000005,0,0,0
CBBT-88/89_trap,-3263,950,84.35,13.15,No,Yes,740,230.80190000000005,2.2577081615590393e-4,8.127749381612542e-5,0.39174166225516144
CBBT-88/89_trap,-3263,950,84.35,13.15,Undetermined,Undetermined,0,230.80190000000005,0,0,0
CBBT-88/89_trap,-3263,950,84.35,13.15,Yes,No,0,230.80190000000005,0,0,0
CBBT-88/89_trap,-3263,950,84.35,13.15,Yes,Yes,1149,230.80190000000005,3.5055495643666705e-4,1.2619978431720015e-4,0.6082583377448385
CBBT-88/89_trap,-3263,950,84.35,13.15,NA,NA,0,230.80190000000005,0,0,0
CBBT-88/89_trap,-3263,2286,84.35,13.15,No,No,0,420.3273000000004,0,0,0
CBBT-88/89_trap,-3263,2286,84.35,13.15,No,Yes,539,420.3273000000004,9.029768785737519e-5,3.250716762865507e-5,0.3235294117647059
CBBT-88/89_trap,-3263,2286,84.35,13.15,Undetermined,Undetermined,0,420.3273000000004,0,0,0
CBBT-88/89_trap,-3263,2286,84.35,13.15,Yes,No,0,420.3273000000004,0,0,0
CBBT-88/89_trap,-3263,2286,84.35,13.15,Yes,Yes,1127,420.3273000000004,1.888042564290572e-4,6.79695323144606e-5,0.6764705882352942
CBBT-88/89_trap,-3263,2286,84.35,13.15,NA,NA,0,420.3273000000004,0,0,0
CH3-1_trap,-4360,2333,-73.18333,-30.0175,No,No,69083.3,420.3273000000004,0.011573399368381091,0.004166423772617192,0.686938744258797
CH3-1_trap,-4360,2333,-73.18333,-30.0175,No,Yes,31050.1,420.3273000000004,0.005201766674842829,0.0018726360029434187,0.3087506923252084
CH3-1_trap,-4360,2333,-73.18333,-30.0175,Undetermined,Undetermined,0,420.3273000000004,0,0,0
CH3-1_trap,-4360,2333,-73.18333,-30.0175,Yes,No,0,420.3273000000004,0,0,0
CH3-1_trap,-4360,2333,-73.18333,-30.0175,Yes,Yes,433.5,420.3273000000004,7.262346509493904e-5,2.6144447434178055e-5,0.004310563415994726
CH3-1_trap,-4360,2333,-73.18333,-30.0175,NA,NA,0,420.3273000000004,0,0,0
CH4-1_trap,-4330,2303,-73.17116,-30.005,No,No,32976.2,420.3273000000004,0.005524442698186226,0.001988799371347041,0.8809322181052699
CH4-1_trap,-4330,2303,-73.17116,-30.005,No,Yes,4269.1,420.3273000000004,7.151945440295371e-4,2.574700358506333e-4,0.11404551562378953
CH4-1_trap,-4330,2303,-73.17116,-30.005,Undetermined,Undetermined,0,420.3273000000004,0,0,0
CH4-1_trap,-4330,2303,-73.17116,-30.005,Yes,No,0,420.3273000000004,0,0,0
CH4-1_trap,-4330,2303,-73.17116,-30.005,Yes,Yes,188,420.3273000000004,3.149529743448337e-5,1.1338307076414012e-5,0.00502226627094058
CH4-1_trap,-4330,2303,-73.17116,-30.005,NA,NA,0,420.3273000000004,0,0,0
CI7_trap,-3610,500,-15.45,29.1833,No,No,7.199999999999999,147.22389999999996,3.4437343393294165e-6,1.23974436215859e-6,0.016547920018386578
CI7_trap,-3610,500,-15.45,29.1833,No,Yes,33.7,147.22389999999996,1.6118589893805746e-5,5.802692361770067e-6,0.0774534589749483
CI7_trap,-3610,500,-15.45,29.1833,Undetermined,Undetermined,0,147.22389999999996,0,0,0
CI7_trap,-3610,500,-15.45,29.1833,Yes,No,0,147.22389999999996,0,0,0
CI7_trap,-3610,500,-15.45,29.1833,Yes,Yes,394.2,147.22389999999996,1.8854445507828556e-4,6.78760038281828e-5,0.9059986210066652
CI7_trap,-3610,500,-15.45,29.1833,NA,NA,0,147.22389999999996,0,0,0
CI7_trap,-3610,750,-15.45,29.1833,No,No,27,198.67919999999992,9.569446625514903e-6,3.4450007851853654e-6,0.04349226804123711
CI7_trap,-3610,750,-15.45,29.1833,No,Yes,40.6,198.67919999999992,1.4389612333181672e-5,5.180260439945402e-6,0.06539948453608246
CI7_trap,-3610,750,-15.45,29.1833,Undetermined,Undetermined,0,198.67919999999992,0,0,0
CI7_trap,-3610,750,-15.45,29.1833,Yes,No,0,198.67919999999992,0,0,0
CI7_trap,-3610,750,-15.45,29.1833,Yes,Yes,553.2,198.67919999999992,1.9606732863832762e-4,7.058423830979793e-5,0.8911082474226804
CI7_trap,-3610,750,-15.45,29.1833,NA,NA,0,198.67919999999992,0,0,0
EA1_trap,-4524,984,-11.25,3.1667,No,No,0,230.80190000000005,0,0,0
EA1_trap,-4524,984,-11.25,3.1667,No,Yes,272.7,230.80190000000005,8.319959671042566e-5,2.995185481575324e-5,0.01920125051048429
EA1_trap,-4524,984,-11.25,3.1667,Undetermined,Undetermined,0,230.80190000000005,0,0,0
EA1_trap,-4524,984,-11.25,3.1667,Yes,No,0,230.80190000000005,0,0,0
EA1_trap,-4524,984,-11.25,3.1667,Yes,Yes,13929.5,230.80190000000005,0.004249830518437384,0.0015299389866374581,0.9807987494895156
EA1_trap,-4524,984,-11.25,3.1667,NA,NA,0,230.80190000000005,0,0,0
EA2_trap,-4399,953,-11.25,1.8,No,No,0,230.80190000000005,0,0,0
EA2_trap,-4399,953,-11.25,1.8,No,Yes,732,230.80190000000005,2.233300505758401e-4,8.039881820730243e-5,0.037773626577771356
EA2_trap,-4399,953,-11.25,1.8,Undetermined,Undetermined,0,230.80190000000005,0,0,0
EA2_trap,-4399,953,-11.25,1.8,Yes,No,0,230.80190000000005,0,0,0
EA2_trap,-4399,953,-11.25,1.8,Yes,Yes,18646.6,230.80190000000005,0.005688997433152267,0.0020480390759348164,0.9622263734222286
EA2_trap,-4399,953,-11.25,1.8,NA,NA,0,230.80190000000005,0,0,0
EA3_trap,-4141,1097,-10.7667,-0.0833,No,No,0,230.80190000000005,0,0,0
EA3_trap,-4141,1097,-10.7667,-0.0833,No,Yes,300.6,230.80190000000005,9.171176667089828e-5,3.301623600152338e-5,0.04608662322729015
EA3_trap,-4141,1097,-10.7667,-0.0833,Undetermined,Undetermined,0,230.80190000000005,0,0,0
EA3_trap,-4141,1097,-10.7667,-0.0833,Yes,No,0,230.80190000000005,0,0,0
EA3_trap,-4141,1097,-10.7667,-0.0833,Yes,Yes,6221.9,230.80190000000005,0.00189827492032489,6.833789713169605e-4,0.9539133767727098
EA3_trap,-4141,1097,-10.7667,-0.0833,NA,NA,0,230.80190000000005,0,0,0
EA4_trap,-3906,1068,-10.1,-2.1833,No,No,0,230.80190000000005,0,0,0
EA4_trap,-3906,1068,-10.1,-2.1833,No,Yes,469.5,230.80190000000005,1.432424299799958e-4,5.156727479279849e-5,0.042307588332297044
EA4_trap,-3906,1068,-10.1,-2.1833,Undetermined,Undetermined,0,230.80190000000005,0,0,0
EA4_trap,-3906,1068,-10.1,-2.1833,Yes,No,0,230.80190000000005,0,0,0
EA4_trap,-3906,1068,-10.1,-2.1833,Yes,Yes,10627.800000000001,230.80190000000005,0.0032424960539752918,0.001167298579431105,0.9576924116677029
EA4_trap,-3906,1068,-10.1,-2.1833,NA,NA,0,230.80190000000005,0,0,0
EAST-86/90_trap,-3785,1395,68.69,15.48,No,No,0,268.11829999999986,0,0,0
EAST-86/90_trap,-3785,1395,68.69,15.48,No,Yes,9163,268.11829999999986,0.002406504579011082,8.663416484439895e-4,0.7549641591826646
EAST-86/90_trap,-3785,1395,68.69,15.48,Undetermined,Undetermined,0,268.11829999999986,0,0,0
EAST-86/90_trap,-3785,1395,68.69,15.48,Yes,No,0,268.11829999999986,0,0,0
EAST-86/90_trap,-3785,1395,68.69,15.48,Yes,Yes,2974,268.11829999999986,7.810700226976926e-4,2.8118520817116936e-4,0.24503584081733543
EAST-86/90_trap,-3785,1395,68.69,15.48,NA,NA,0,268.11829999999986,0,0,0
EAST-86/90_trap,-3785,1407,68.69,15.48,No,No,0,268.11829999999986,0,0,0
EAST-86/90_trap,-3785,1407,68.69,15.48,No,Yes,2090,268.11829999999986,5.489026050565493e-4,1.9760493782035776e-4,0.8293650793650794
EAST-86/90_trap,-3785,1407,68.69,15.48,Undetermined,Undetermined,0,268.11829999999986,0,0,0
EAST-86/90_trap,-3785,1407,68.69,15.48,Yes,No,0,268.11829999999986,0,0,0
EAST-86/90_trap,-3785,1407,68.69,15.48,Yes,Yes,430,268.11829999999986,1.1293211491594077e-4,4.065556136973868e-5,0.17063492063492064
EAST-86/90_trap,-3785,1407,68.69,15.48,NA,NA,0,268.11829999999986,0,0,0
EAST-86/90_trap,-3785,2764,68.69,15.48,No,No,0,488.28639999999996,0,0,0
EAST-86/90_trap,-3785,2764,68.69,15.48,No,Yes,1442,488.28639999999996,2.0795343334021455e-4,7.486323600247725e-5,0.8472385428907168
EAST-86/90_trap,-3785,2764,68.69,15.48,Undetermined,Undetermined,0,488.28639999999996,0,0,0
EAST-86/90_trap,-3785,2764,68.69,15.48,Yes,No,0,488.28639999999996,0,0,0
EAST-86/90_trap,-3785,2764,68.69,15.48,Yes,Yes,260,488.28639999999996,3.7495071198651724e-5,1.349822563151462e-5,0.15276145710928318
EAST-86/90_trap,-3785,2764,68.69,15.48,NA,NA,0,488.28639999999996,0,0,0
EAST-86/90_trap,-3785,2773,68.69,15.48,No,No,0,488.28639999999996,0,0,0
EAST-86/90_trap,-3785,2773,68.69,15.48,No,Yes,8619,488.28639999999996,0.0012429616102353047,4.474661796847097e-4,0.7455237436207941
EAST-86/90_trap,-3785,2773,68.69,15.48,Undetermined,Undetermined,0,488.28639999999996,0,0,0
EAST-86/90_trap,-3785,2773,68.69,15.48,Yes,No,0,488.28639999999996,0,0,0
EAST-86/90_trap,-3785,2773,68.69,15.48,Yes,Yes,2942,488.28639999999996,4.2427115179397446e-4,1.5273761464583083e-4,0.25447625637920596
EAST-86/90_trap,-3785,2773,68.69,15.48,NA,NA,0,488.28639999999996,0,0,0
EAST-86/90_trap,-3785,2787,68.69,15.48,No,No,0,488.28639999999996,0,0,0
EAST-86/90_trap,-3785,2787,68.69,15.48,No,Yes,7215,488.28639999999996,0.0010404882257625853,3.745757612745307e-4,0.6466792148426996
EAST-86/90_trap,-3785,2787,68.69,15.48,Undetermined,Undetermined,0,488.28639999999996,0,0,0
EAST-86/90_trap,-3785,2787,68.69,15.48,Yes,No,0,488.28639999999996,0,0,0
EAST-86/90_trap,-3785,2787,68.69,15.48,Yes,Yes,3942,488.28639999999996,5.684829640964812e-4,2.046538670747332e-4,0.35332078515730037
EAST-86/90_trap,-3785,2787,68.69,15.48,NA,NA,0,488.28639999999996,0,0,0
EBC2-1_trap,-996,700,-13.1557,28.7082,No,No,32.1,171.02730000000008,1.3216457255654502e-5,4.75792461203562e-6,0.012553773953852172
EBC2-1_trap,-996,700,-13.1557,28.7082,No,Yes,1392.9,171.02730000000008,5.734954302617182e-4,2.0645835489421855e-4,0.544739929605006
EBC2-1_trap,-996,700,-13.1557,28.7082,Undetermined,Undetermined,0,171.02730000000008,0,0,0
EBC2-1_trap,-996,700,-13.1557,28.7082,Yes,No,0,171.02730000000008,0,0,0
EBC2-1_trap,-996,700,-13.1557,28.7082,Yes,Yes,1132,171.02730000000008,4.660756888909936e-4,1.6778724800075768e-4,0.44270629644114196
EBC2-1_trap,-996,700,-13.1557,28.7082,NA,NA,0,171.02730000000008,0,0,0
G_trap,-3663,1000,-132,41.55,No,No,39,230.80190000000005,1.1898732202811152e-5,4.283543593012015e-6,0.22413793103448276
G_trap,-3663,1000,-132,41.55,No,Yes,66,230.80190000000005,2.0136316035526567e-5,7.249073772789564e-6,0.3793103448275862
G_trap,-3663,1000,-132,41.55,Undetermined,Undetermined,0,230.80190000000005,0,0,0
G_trap,-3663,1000,-132,41.55,Yes,No,0,230.80190000000005,0,0,0
G_trap,-3663,1000,-132,41.55,Yes,Yes,69,230.80190000000005,2.1051603128050502e-5,7.5785771260981804e-6,0.39655172413793105
G_trap,-3663,1000,-132,41.55,NA,NA,0,230.80190000000005,0,0,0
JAM-1,-2200,830,108.0333,-8.2917,No,No,1513,198.67919999999992,5.362434349779277e-4,1.93047636592054e-4,0.13454868830591374
JAM-1,-2200,830,108.0333,-8.2917,No,Yes,786,198.67919999999992,2.7857722398721166e-4,1.002878006353962e-4,0.069897732325478
JAM-1,-2200,830,108.0333,-8.2917,Undetermined,Undetermined,14,198.67919999999992,4.961935287304024e-6,1.7862967034294488e-6,0.0012449977767896843
JAM-1,-2200,830,108.0333,-8.2917,Yes,No,3490,198.67919999999992,0.0012369395823350745,4.4529824964062686e-4,0.31036016007114275
JAM-1,-2200,830,108.0333,-8.2917,Yes,Yes,5392,198.67919999999992,0.0019110539335102357,6.879794160636848e-4,0.47950200088928413
JAM-1,-2200,830,108.0333,-8.2917,NA,NA,50,198.67919999999992,1.772119745465723e-5,6.379631083676602e-6,0.004446420631391729
JAM-2,-2200,830,108.0333,-8.2917,No,No,3376,198.67919999999992,0.0011965352521384563,4.3075269076984417e-4,0.17002417405318293
JAM-2,-2200,830,108.0333,-8.2917,No,Yes,2036,198.67919999999992,7.216071603536423e-4,2.5977857772731125e-4,0.10253827558420628
JAM-2,-2200,830,108.0333,-8.2917,Undetermined,Undetermined,4,198.67919999999992,1.4176957963725784e-6,5.103704866941283e-7,2.01450443190975e-4
JAM-2,-2200,830,108.0333,-8.2917,Yes,No,7102,198.67919999999992,0.002517118886459513,9.061627991254246e-4,0.35767526188557613
JAM-2,-2200,830,108.0333,-8.2917,Yes,Yes,7174,198.67919999999992,0.0025426374107942193,9.153494678859189e-4,0.3613013698630137
JAM-2,-2200,830,108.0333,-8.2917,NA,NA,164,198.67919999999992,5.812552765127572e-5,2.092518995445926e-5,0.008259468170829976
JAM-3,-2460,600,108.1417,-8.2683,No,No,538,171.02730000000008,2.2150947051533085e-4,7.974340938551911e-5,0.09154330440701038
JAM-3,-2460,600,108.1417,-8.2683,No,Yes,1368,171.02730000000008,5.632434120166778e-4,2.02767628326004e-4,0.2327718223583461
JAM-3,-2460,600,108.1417,-8.2683,Undetermined,Undetermined,27,171.02730000000008,1.111664628980285e-5,4.001992664329026e-6,0.004594180704441042
JAM-3,-2460,600,108.1417,-8.2683,Yes,No,1864,171.02730000000008,7.674603216367597e-4,2.762857157892335e-4,0.3171686234473371
JAM-3,-2460,600,108.1417,-8.2683,Yes,Yes,2058,171.02730000000008,8.473354838671951e-4,3.050407741921902e-4,0.3501786625829505
JAM-3,-2460,600,108.1417,-8.2683,NA,NA,22,171.02730000000008,9.058008087987508e-6,3.2608829116755028e-6,0.0037434064999149227
LP1_trap,-4327,900,-17.9543,29.7622,No,No,25.7,198.67919999999992,9.108695491693816e-6,3.2791303770097735e-6,0.13921993499458288
LP1_trap,-4327,900,-17.9543,29.7622,No,Yes,2.8,198.67919999999992,9.923870574608047e-7,3.572593406858897e-7,0.015167930660888406
LP1_trap,-4327,900,-17.9543,29.7622,Undetermined,Undetermined,0,198.67919999999992,0,0,0
LP1_trap,-4327,900,-17.9543,29.7622,Yes,No,0,198.67919999999992,0,0,0
LP1_trap,-4327,900,-17.9543,29.7622,Yes,Yes,156.1,198.67919999999992,5.532557845343987e-5,1.9917208243238353e-5,0.8456121343445288
LP1_trap,-4327,900,-17.9543,29.7622,NA,NA,0,198.67919999999992,0,0,0
MIR97_40N-1_trap,-5476,2986,165,40,No,No,4706,488.28639999999996,6.786607886955962e-4,2.443178839304146e-4,0.42561273401465133
MIR97_40N-1_trap,-5476,2986,165,40,No,Yes,2479,488.28639999999996,3.57501082697914e-4,1.28700389771249e-4,0.2242018630731663
MIR97_40N-1_trap,-5476,2986,165,40,Undetermined,Undetermined,0,488.28639999999996,0,0,0
MIR97_40N-1_trap,-5476,2986,165,40,Yes,No,0,488.28639999999996,0,0,0
MIR97_40N-1_trap,-5476,2986,165,40,Yes,Yes,3872,488.28639999999996,5.583881372353057e-4,2.0101972940471003e-4,0.3501854029121823
MIR97_40N-1_trap,-5476,2986,165,40,NA,NA,0,488.28639999999996,0,0,0
MIR97_50N-1_trap,-5546,3260,165.01667,50.016667,No,No,51094,567.2331999999997,0.006342839535250526,0.0022834222326901894,0.8181192256576946
MIR97_50N-1_trap,-5546,3260,165.01667,50.016667,No,Yes,11359,567.2331999999997,0.001410113012896049,5.076406846425776e-4,0.1818807743423054
MIR97_50N-1_trap,-5546,3260,165.01667,50.016667,Undetermined,Undetermined,0,567.2331999999997,0,0,0
MIR97_50N-1_trap,-5546,3260,165.01667,50.016667,Yes,No,0,567.2331999999997,0,0,0
MIR97_50N-1_trap,-5546,3260,165.01667,50.016667,Yes,Yes,0,567.2331999999997,0,0,0
MIR97_50N-1_trap,-5546,3260,165.01667,50.016667,NA,NA,0,567.2331999999997,0,0,0
MIR97_KNOT-1_trap,-5375,2957,155.05,43.966667,No,No,23128,488.28639999999996,0.0033353307949323735,0.0012007190861756543,0.7475113122171946
MIR97_KNOT-1_trap,-5375,2957,155.05,43.966667,No,Yes,7679,488.28639999999996,0.0011074025066709484,3.986649024015414e-4,0.24819004524886878
MIR97_KNOT-1_trap,-5375,2957,155.05,43.966667,Undetermined,Undetermined,0,488.28639999999996,0,0,0
MIR97_KNOT-1_trap,-5375,2957,155.05,43.966667,Yes,No,0,488.28639999999996,0,0,0
MIR97_KNOT-1_trap,-5375,2957,155.05,43.966667,Yes,Yes,133,488.28639999999996,1.918017103623338e-5,6.904861573044018e-6,0.004298642533936652
MIR97_KNOT-1_trap,-5375,2957,155.05,43.966667,NA,NA,0,488.28639999999996,0,0,0
MW_trap,-2830,1000,-127.58,42.19,No,No,264,230.80190000000005,8.054526414210627e-5,2.8996295091158257e-5,0.6125290023201856
MW_trap,-2830,1000,-127.58,42.19,No,Yes,138,230.80190000000005,4.2103206256101005e-5,1.5157154252196361e-5,0.32018561484918795
MW_trap,-2830,1000,-127.58,42.19,Undetermined,Undetermined,0,230.80190000000005,0,0,0
MW_trap,-2830,1000,-127.58,42.19,Yes,No,0,230.80190000000005,0,0,0
MW_trap,-2830,1000,-127.58,42.19,Yes,Yes,29,230.80190000000005,8.84777522773137e-6,3.185199081983293e-6,0.06728538283062645
MW_trap,-2830,1000,-127.58,42.19,NA,NA,0,230.80190000000005,0,0,0
NBBTn-88/89_trap,-2265,967,89.6,17.45,No,No,0,230.80190000000005,0,0,0
NBBTn-88/89_trap,-2265,967,89.6,17.45,No,Yes,610,230.80190000000005,1.8610837547986675e-4,6.699901517275203e-5,0.2634989200863931
NBBTn-88/89_trap,-2265,967,89.6,17.45,Undetermined,Undetermined,0,230.80190000000005,0,0,0
NBBTn-88/89_trap,-2265,967,89.6,17.45,Yes,No,0,230.80190000000005,0,0,0
NBBTn-88/89_trap,-2265,967,89.6,17.45,Yes,Yes,1705,230.80190000000005,5.201881642511029e-4,1.8726773913039705e-4,0.7365010799136069
NBBTn-88/89_trap,-2265,967,89.6,17.45,NA,NA,0,230.80190000000005,0,0,0
NBBTn-88/89_trap,-2265,1498,89.6,17.45,No,No,0,311.4680000000001,0,0,0
NBBTn-88/89_trap,-2265,1498,89.6,17.45,No,Yes,406,311.4680000000001,9.178845552887185e-5,3.304384399039387e-5,0.19882468168462292
NBBTn-88/89_trap,-2265,1498,89.6,17.45,Undetermined,Undetermined,0,311.4680000000001,0,0,0
NBBTn-88/89_trap,-2265,1498,89.6,17.45,Yes,No,0,311.4680000000001,0,0,0
NBBTn-88/89_trap,-2265,1498,89.6,17.45,Yes,Yes,1636,311.4680000000001,3.6986678139220284e-4,1.3315204130119303e-4,0.801175318315377
NBBTn-88/89_trap,-2265,1498,89.6,17.45,NA,NA,0,311.4680000000001,0,0,0
NBBTn-88/89_trap,-2265,2029,89.6,17.45,No,No,0,361.82669999999985,0,0,0
NBBTn-88/89_trap,-2265,2029,89.6,17.45,No,Yes,455,361.82669999999985,8.854952753164248e-5,3.187782991139129e-5,0.215742057847321
NBBTn-88/89_trap,-2265,2029,89.6,17.45,Undetermined,Undetermined,0,361.82669999999985,0,0,0
NBBTn-88/89_trap,-2265,2029,89.6,17.45,Yes,No,0,361.82669999999985,0,0,0
NBBTn-88/89_trap,-2265,2029,89.6,17.45,Yes,Yes,1654,361.82669999999985,3.2189212865348717e-4,1.1588116631525539e-4,0.784257942152679
NBBTn-88/89_trap,-2265,2029,89.6,17.45,NA,NA,0,361.82669999999985,0,0,0
NCR_trap,-1500,300,178.63,-42.7,No,No,1686,126.73340000000002,9.367893546610442e-4,3.372441676779759e-4,0.5725540802119061
NCR_trap,-1500,300,178.63,-42.7,No,Yes,1227.3,126.73340000000002,6.819226423342228e-4,2.4549215124032017e-4,0.41678269433219006
NCR_trap,-1500,300,178.63,-42.7,Undetermined,Undetermined,0,126.73340000000002,0,0,0
NCR_trap,-1500,300,178.63,-42.7,Yes,No,0,126.73340000000002,0,0,0
NCR_trap,-1500,300,178.63,-42.7,Yes,Yes,31.4,126.73340000000002,1.7446729380994535e-5,6.280822577158034e-6,0.010663225455903827
NCR_trap,-1500,300,178.63,-42.7,NA,NA,0,126.73340000000002,0,0,0
NCR_trap,-1500,1000,178.63,-42.7,No,No,7471.7,230.80190000000005,0.0022795835230703613,8.206500683053301e-4,0.5325972285583942
NCR_trap,-1500,1000,178.63,-42.7,No,Yes,6348.6,230.80190000000005,0.001936930545199151,6.972949962716944e-4,0.4525404881386862
NCR_trap,-1500,1000,178.63,-42.7,Undetermined,Undetermined,0,230.80190000000005,0,0,0
NCR_trap,-1500,1000,178.63,-42.7,Yes,No,0,230.80190000000005,0,0,0
NCR_trap,-1500,1000,178.63,-42.7,Yes,Yes,208.5,230.80190000000005,6.361245293041347e-5,2.290048305494885e-5,0.014862283302919709
NCR_trap,-1500,1000,178.63,-42.7,NA,NA,0,230.80190000000005,0,0,0
NS_trap,-2829,1000,-125.77,42.09,No,No,1350,230.80190000000005,4.1187919163577065e-4,1.4827650898887741e-4,0.7936507936507936
NS_trap,-2829,1000,-125.77,42.09,No,Yes,316,230.80190000000005,9.641024041252113e-5,3.470768654850761e-5,0.18577307466196355
NS_trap,-2829,1000,-125.77,42.09,Undetermined,Undetermined,0,230.80190000000005,0,0,0
NS_trap,-2829,1000,-125.77,42.09,Yes,No,0,230.80190000000005,0,0,0
NS_trap,-2829,1000,-125.77,42.09,Yes,Yes,35,230.80190000000005,1.067834941277924e-5,3.844205788600527e-6,0.0205761316872428
NS_trap,-2829,1000,-125.77,42.09,NA,NA,0,230.80190000000005,0,0,0
OSP_trap,-4240,3800,-145,50,No,No,60981,658.8793599999999,0.006517245812647706,0.0023462084925531743,0.8896102001517185
OSP_trap,-4240,3800,-145,50,No,Yes,7567,658.8793599999999,8.087108946115214e-4,2.9113592206014773e-4,0.1103897998482815
OSP_trap,-4240,3800,-145,50,Undetermined,Undetermined,0,658.8793599999999,0,0,0
OSP_trap,-4240,3800,-145,50,Yes,No,0,658.8793599999999,0,0,0
OSP_trap,-4240,3800,-145,50,Yes,Yes,0,658.8793599999999,0,0,0
OSP_trap,-4240,3800,-145,50,NA,NA,0,658.8793599999999,0,0,0
Sargasso_trap,-4200,3200,-64.25,32.083,No,No,0,567.2331999999997,0,0,0
Sargasso_trap,-4200,3200,-64.25,32.083,No,Yes,2909.3,567.2331999999997,3.6116223157130694e-4,1.3001840336567048e-4,0.48241497670253863
Sargasso_trap,-4200,3200,-64.25,32.083,Undetermined,Undetermined,0,567.2331999999997,0,0,0
Sargasso_trap,-4200,3200,-64.25,32.083,Yes,No,0,567.2331999999997,0,0,0
Sargasso_trap,-4200,3200,-64.25,32.083,Yes,Yes,3121.4,567.2331999999997,3.87492451664207e-4,1.394972825991145e-4,0.5175850232974613
Sargasso_trap,-4200,3200,-64.25,32.083,NA,NA,0,567.2331999999997,0,0,0
SAST_trap,-4075,1654,67.12,13.13,No,No,0,311.4680000000001,0,0,0
SAST_trap,-4075,1654,67.12,13.13,No,Yes,2261,311.4680000000001,5.111667437211312e-4,1.8402002773960723e-4,1
SAST_trap,-4075,1654,67.12,13.13,Undetermined,Undetermined,0,311.4680000000001,0,0,0
SAST_trap,-4075,1654,67.12,13.13,Yes,No,0,311.4680000000001,0,0,0
SAST_trap,-4075,1654,67.12,13.13,Yes,Yes,0,311.4680000000001,0,0,0
SAST_trap,-4075,1654,67.12,13.13,NA,NA,0,311.4680000000001,0,0,0
SAZ_47_trap,-4540,1060,142.07,-46.76,No,No,6912.9,230.80190000000005,0.002109096047302903,7.592745770290451e-4,0.6777286497191205
SAZ_47_trap,-4540,1060,142.07,-46.76,No,Yes,3287.2,230.80190000000005,0.0010029105768482262,3.610478076653614e-4,0.3222713502808796
SAZ_47_trap,-4540,1060,142.07,-46.76,Undetermined,Undetermined,0,230.80190000000005,0,0,0
SAZ_47_trap,-4540,1060,142.07,-46.76,Yes,No,0,230.80190000000005,0,0,0
SAZ_47_trap,-4540,1060,142.07,-46.76,Yes,Yes,0,230.80190000000005,0,0,0
SAZ_47_trap,-4540,1060,142.07,-46.76,NA,NA,0,230.80190000000005,0,0,0
SAZ_47_trap,-4540,3850,142.07,-46.76,No,No,12046.6,658.8793599999999,0.001287460904324984,4.634859255569943e-4,0.6545997935119274
SAZ_47_trap,-4540,3850,142.07,-46.76,No,Yes,6354,658.8793599999999,6.790734801587957e-4,2.4446645285716647e-4,0.3452697929685377
SAZ_47_trap,-4540,3850,142.07,-46.76,Undetermined,Undetermined,0,658.8793599999999,0,0,0
SAZ_47_trap,-4540,3850,142.07,-46.76,Yes,No,0,658.8793599999999,0,0,0
SAZ_47_trap,-4540,3850,142.07,-46.76,Yes,Yes,2.4,658.8793599999999,2.564961209287236e-7,9.23386035343405e-8,1.3041351953485845e-4
SAZ_47_trap,-4540,3850,142.07,-46.76,NA,NA,0,658.8793599999999,0,0,0
SAZ_51_trap,-3780,3080,141.74,-51,No,No,15313,567.2331999999997,0.0019009649235387973,6.84347372473967e-4,0.2920622689803283
SAZ_51_trap,-3780,3080,141.74,-51,No,Yes,37117.6,567.2331999999997,0.004607800930316963,0.0016588083349141068,0.7079377310196717
SAZ_51_trap,-3780,3080,141.74,-51,Undetermined,Undetermined,0,567.2331999999997,0,0,0
SAZ_51_trap,-3780,3080,141.74,-51,Yes,No,0,567.2331999999997,0,0,0
SAZ_51_trap,-3780,3080,141.74,-51,Yes,Yes,0,567.2331999999997,0,0,0
SAZ_51_trap,-3780,3080,141.74,-51,NA,NA,0,567.2331999999997,0,0,0
SAZ_54_trap,-2280,830,141.76,-53.75,No,No,42682.9,198.67919999999992,0.015127841976747783,0.005446023111629202,0.9054996669311417
SAZ_54_trap,-2280,830,141.76,-53.75,No,Yes,4454.5,198.67919999999992,0.0015787814812354124,5.683613332447485e-4,0.09450033306885827
SAZ_54_trap,-2280,830,141.76,-53.75,Undetermined,Undetermined,0,198.67919999999992,0,0,0
SAZ_54_trap,-2280,830,141.76,-53.75,Yes,No,0,198.67919999999992,0,0,0
SAZ_54_trap,-2280,830,141.76,-53.75,Yes,Yes,0,198.67919999999992,0,0,0
SAZ_54_trap,-2280,830,141.76,-53.75,NA,NA,0,198.67919999999992,0,0,0
SAZ_54_trap,-2280,1580,141.76,-53.75,No,No,14607.6,311.4680000000001,0.0033024853275456863,0.001188894717916447,0.8787636333010485
SAZ_54_trap,-2280,1580,141.76,-53.75,No,Yes,2015.3,311.4680000000001,4.5561890253038287e-4,1.6402280491093784e-4,0.12123636669895144
SAZ_54_trap,-2280,1580,141.76,-53.75,Undetermined,Undetermined,0,311.4680000000001,0,0,0
SAZ_54_trap,-2280,1580,141.76,-53.75,Yes,No,0,311.4680000000001,0,0,0
SAZ_54_trap,-2280,1580,141.76,-53.75,Yes,Yes,0,311.4680000000001,0,0,0
SAZ_54_trap,-2280,1580,141.76,-53.75,NA,NA,0,311.4680000000001,0,0,0
SBBT-06_trap,-3997,1518,87.4,4.1,No,No,0,311.4680000000001,0,0,0
SBBT-06_trap,-3997,1518,87.4,4.1,No,Yes,1585,311.4680000000001,3.5833670446616233e-4,1.2900121360781843e-4,1
SBBT-06_trap,-3997,1518,87.4,4.1,Undetermined,Undetermined,0,311.4680000000001,0,0,0
SBBT-06_trap,-3997,1518,87.4,4.1,Yes,No,0,311.4680000000001,0,0,0
SBBT-06_trap,-3997,1518,87.4,4.1,Yes,Yes,0,311.4680000000001,0,0,0
SBBT-06_trap,-3997,1518,87.4,4.1,NA,NA,0,311.4680000000001,0,0,0
SCR_trap,-1500,300,178.62,-44.62,No,No,526.5,126.73340000000002,2.92538312709988e-4,1.0531379257559569e-4,0.03138917207705103
SCR_trap,-1500,300,178.62,-44.62,No,Yes,16246.8,126.73340000000002,0.009027182258189237,0.0032497856129481252,0.968610827922949
SCR_trap,-1500,300,178.62,-44.62,Undetermined,Undetermined,0,126.73340000000002,0,0,0
SCR_trap,-1500,300,178.62,-44.62,Yes,No,0,126.73340000000002,0,0,0
SCR_trap,-1500,300,178.62,-44.62,Yes,Yes,0,126.73340000000002,0,0,0
SCR_trap,-1500,300,178.62,-44.62,NA,NA,0,126.73340000000002,0,0,0
SCR_trap,-1500,1000,178.62,-44.62,No,No,5583.3,230.80190000000005,0.0017034408078962953,6.132386908426663e-4,0.382805857993034
SCR_trap,-1500,1000,178.62,-44.62,No,Yes,8999.9,230.80190000000005,0.0027458307680020533,9.884990764807394e-4,0.6170570167018621
SCR_trap,-1500,1000,178.62,-44.62,Undetermined,Undetermined,0,230.80190000000005,0,0,0
SCR_trap,-1500,1000,178.62,-44.62,Yes,No,0,230.80190000000005,0,0,0
SCR_trap,-1500,1000,178.62,-44.62,Yes,Yes,2,230.80190000000005,6.101913950159565e-7,2.1966890220574435e-7,1.3712530510380386e-4
SCR_trap,-1500,1000,178.62,-44.62,NA,NA,0,230.80190000000005,0,0,0
SO53_CAST_trap,-3900,722,64.75,14.5,No,No,0,171.02730000000008,0,0,0
SO53_CAST_trap,-3900,722,64.75,14.5,No,Yes,7903,171.02730000000008,0.0032538835417893304,0.001171398075044159,0.7025513378967019
SO53_CAST_trap,-3900,722,64.75,14.5,Undetermined,Undetermined,0,171.02730000000008,0,0,0
SO53_CAST_trap,-3900,722,64.75,14.5,Yes,No,0,171.02730000000008,0,0,0
SO53_CAST_trap,-3900,722,64.75,14.5,Yes,Yes,3346,171.02730000000008,0.0013776406846548273,4.959506464757378e-4,0.29744866210329807
SO53_CAST_trap,-3900,722,64.75,14.5,NA,NA,0,171.02730000000008,0,0,0
SO53_CAST_trap,-3900,732,64.75,14.5,No,No,0,198.67919999999992,0,0,0
SO53_CAST_trap,-3900,732,64.75,14.5,No,Yes,14209,198.67919999999992,0.005036009892664491,0.001812963561359217,0.7537531165455413
SO53_CAST_trap,-3900,732,64.75,14.5,Undetermined,Undetermined,0,198.67919999999992,0,0,0
SO53_CAST_trap,-3900,732,64.75,14.5,Yes,No,0,198.67919999999992,0,0,0
SO53_CAST_trap,-3900,732,64.75,14.5,Yes,Yes,4642,198.67919999999992,0.0016452359716903773,5.922849498085357e-4,0.24624688345445864
SO53_CAST_trap,-3900,732,64.75,14.5,NA,NA,0,198.67919999999992,0,0,0
SO53_CAST_trap,-3900,744,64.75,14.5,No,No,0,198.67919999999992,0,0,0
SO53_CAST_trap,-3900,744,64.75,14.5,No,Yes,5570,198.67919999999992,0.0019741413964488156,7.106909027215735e-4,0.6312330009066183
SO53_CAST_trap,-3900,744,64.75,14.5,Undetermined,Undetermined,0,198.67919999999992,0,0,0
SO53_CAST_trap,-3900,744,64.75,14.5,Yes,No,0,198.67919999999992,0,0,0
SO53_CAST_trap,-3900,744,64.75,14.5,Yes,Yes,3254,198.67919999999992,0.0011532955303490925,4.1518639092567335e-4,0.3687669990933817
SO53_CAST_trap,-3900,744,64.75,14.5,NA,NA,0,198.67919999999992,0,0,0
SO53_CAST_trap,-3900,2894,64.75,14.5,No,No,0,488.28639999999996,0,0,0
SO53_CAST_trap,-3900,2894,64.75,14.5,No,Yes,6391,488.28639999999996,9.216576924253199e-4,3.3179676927311513e-4,0.7329128440366972
SO53_CAST_trap,-3900,2894,64.75,14.5,Undetermined,Undetermined,0,488.28639999999996,0,0,0
SO53_CAST_trap,-3900,2894,64.75,14.5,Yes,No,0,488.28639999999996,0,0,0
SO53_CAST_trap,-3900,2894,64.75,14.5,Yes,Yes,2329,488.28639999999996,3.3586931085253797e-4,1.2091295190691366e-4,0.26708715596330274
SO53_CAST_trap,-3900,2894,64.75,14.5,NA,NA,0,488.28639999999996,0,0,0
SO53_CAST_trap,-3900,2913,64.75,14.5,No,No,0,488.28639999999996,0,0,0
SO53_CAST_trap,-3900,2913,64.75,14.5,No,Yes,1387,488.28639999999996,2.0002178366357667e-4,7.200784211888762e-5,0.40144717800289437
SO53_CAST_trap,-3900,2913,64.75,14.5,Undetermined,Undetermined,0,488.28639999999996,0,0,0
SO53_CAST_trap,-3900,2913,64.75,14.5,Yes,No,0,488.28639999999996,0,0,0
SO53_CAST_trap,-3900,2913,64.75,14.5,Yes,Yes,2068,488.28639999999996,2.982300278415837e-4,1.0736281002297013e-4,0.5985528219971057
SO53_CAST_trap,-3900,2913,64.75,14.5,NA,NA,0,488.28639999999996,0,0,0
SO53_CAST_trap,-3900,2919,64.75,14.5,No,No,0,488.28639999999996,0,0,0
SO53_CAST_trap,-3900,2919,64.75,14.5,No,Yes,11542,488.28639999999996,0.0016644927375955314,5.992173855343914e-4,0.7454146215448204
SO53_CAST_trap,-3900,2919,64.75,14.5,Undetermined,Undetermined,0,488.28639999999996,0,0,0
SO53_CAST_trap,-3900,2919,64.75,14.5,Yes,No,0,488.28639999999996,0,0,0
SO53_CAST_trap,-3900,2919,64.75,14.5,Yes,Yes,3942,488.28639999999996,5.684829640964812e-4,2.046538670747332e-4,0.25458537845517953
SO53_CAST_trap,-3900,2919,64.75,14.5,NA,NA,0,488.28639999999996,0,0,0
SO53_WAST_trap,-4020,1022,60.5,16.333333,No,No,0,230.80190000000005,0,0,0
SO53_WAST_trap,-4020,1022,60.5,16.333333,No,Yes,27542,230.80190000000005,0.008402945700764738,0.0030250604522753057,0.8431138457770839
SO53_WAST_trap,-4020,1022,60.5,16.333333,Undetermined,Undetermined,0,230.80190000000005,0,0,0
SO53_WAST_trap,-4020,1022,60.5,16.333333,Yes,No,0,230.80190000000005,0,0,0
SO53_WAST_trap,-4020,1022,60.5,16.333333,Yes,Yes,5125,230.80190000000005,0.0015636154497283888,5.629015619022199e-4,0.1568861542229161
SO53_WAST_trap,-4020,1022,60.5,16.333333,NA,NA,0,230.80190000000005,0,0,0
SO53_WAST_trap,-4020,1034,60.5,16.333333,No,No,0,230.80190000000005,0,0,0
SO53_WAST_trap,-4020,1034,60.5,16.333333,No,Yes,1862,230.80190000000005,5.680881887598555e-4,2.04511747953548e-4,0.4125858630622646
SO53_WAST_trap,-4020,1034,60.5,16.333333,Undetermined,Undetermined,0,230.80190000000005,0,0,0
SO53_WAST_trap,-4020,1034,60.5,16.333333,Yes,No,0,230.80190000000005,0,0,0
SO53_WAST_trap,-4020,1034,60.5,16.333333,Yes,Yes,2651,230.80190000000005,8.088086940936504e-4,2.911711298737141e-4,0.5874141369377355
SO53_WAST_trap,-4020,1034,60.5,16.333333,NA,NA,0,230.80190000000005,0,0,0
SO53_WAST_trap,-4020,3021,60.5,16.333333,No,No,0,567.2331999999997,0,0,0
SO53_WAST_trap,-4020,3021,60.5,16.333333,No,Yes,2297,567.2331999999997,2.8515094556054443e-4,1.0265434040179601e-4,0.29947848761408086
SO53_WAST_trap,-4020,3021,60.5,16.333333,Undetermined,Undetermined,0,567.2331999999997,0,0,0
SO53_WAST_trap,-4020,3021,60.5,16.333333,Yes,No,0,567.2331999999997,0,0,0
SO53_WAST_trap,-4020,3021,60.5,16.333333,Yes,Yes,5373,567.2331999999997,6.670074142345692e-4,2.4012266912444493e-4,0.7005215123859192
SO53_WAST_trap,-4020,3021,60.5,16.333333,NA,NA,0,567.2331999999997,0,0,0
SO53_WAST_trap,-4020,3024,60.5,16.333333,No,No,0,567.2331999999997,0,0,0
SO53_WAST_trap,-4020,3024,60.5,16.333333,No,Yes,10681,567.2331999999997,0.0013259456898268068,4.773404483376505e-4,0.6971477057633314
SO53_WAST_trap,-4020,3024,60.5,16.333333,Undetermined,Undetermined,0,567.2331999999997,0,0,0
SO53_WAST_trap,-4020,3024,60.5,16.333333,Yes,No,0,567.2331999999997,0,0,0
SO53_WAST_trap,-4020,3024,60.5,16.333333,Yes,Yes,4640,567.2331999999997,5.760123584679696e-4,2.0736444904846907e-4,0.30285229423666865
SO53_WAST_trap,-4020,3024,60.5,16.333333,NA,NA,0,567.2331999999997,0,0,0
SO53_WAST_trap,-4020,3033,60.5,16.333333,No,No,0,567.2331999999997,0,0,0
SO53_WAST_trap,-4020,3033,60.5,16.333333,No,Yes,29920,567.2331999999997,0.0037142865873624246,0.001337143171450473,0.8390588631201099
SO53_WAST_trap,-4020,3033,60.5,16.333333,Undetermined,Undetermined,0,567.2331999999997,0,0,0
SO53_WAST_trap,-4020,3033,60.5,16.333333,Yes,No,0,567.2331999999997,0,0,0
SO53_WAST_trap,-4020,3033,60.5,16.333333,Yes,Yes,5739,567.2331999999997,7.124428718206202e-4,2.5647943385542326e-4,0.16094113687989006
SO53_WAST_trap,-4020,3033,60.5,16.333333,NA,NA,0,567.2331999999997,0,0,0
SPB_trap,-880,500,-118.5,33.55,No,No,4658,147.22389999999996,0.0022279047989717258,8.020457276298212e-4,0.3106990394877268
SPB_trap,-880,500,-118.5,33.55,No,Yes,9315,147.22389999999996,0.004455331301507433,0.0016039192685426758,0.6213313767342583
SPB_trap,-880,500,-118.5,33.55,Undetermined,Undetermined,0,147.22389999999996,0,0,0
SPB_trap,-880,500,-118.5,33.55,Yes,No,0,147.22389999999996,0,0,0
SPB_trap,-880,500,-118.5,33.55,Yes,Yes,1019,147.22389999999996,4.8738406830231605e-4,1.754582645888338e-4,0.06796958377801494
SPB_trap,-880,500,-118.5,33.55,NA,NA,0,147.22389999999996,0,0,0
WA1_trap,-5530,652,-25.5667,-4,No,No,0,171.02730000000008,0,0,0
WA1_trap,-5530,652,-25.5667,-4,No,Yes,0,171.02730000000008,0,0,0
WA1_trap,-5530,652,-25.5667,-4,Undetermined,Undetermined,0,171.02730000000008,0,0,0
WA1_trap,-5530,652,-25.5667,-4,Yes,No,0,171.02730000000008,0,0,0
WA1_trap,-5530,652,-25.5667,-4,Yes,Yes,4209.5,171.02730000000008,0.001733167502108337,6.239403007590013e-4,1
WA1_trap,-5530,652,-25.5667,-4,NA,NA,0,171.02730000000008,0,0,0
WA1_trap,-5530,1232,-25.5667,-4,No,No,0,268.11829999999986,0,0,0
WA1_trap,-5530,1232,-25.5667,-4,No,Yes,4.2,268.11829999999986,1.1030578666208168e-6,3.9710083198349406e-7,0.0010267442428983525
WA1_trap,-5530,1232,-25.5667,-4,Undetermined,Undetermined,0,268.11829999999986,0,0,0
WA1_trap,-5530,1232,-25.5667,-4,Yes,No,0,268.11829999999986,0,0,0
WA1_trap,-5530,1232,-25.5667,-4,Yes,Yes,4086.4,268.11829999999986,0.0010732227776569776,3.8636019995651194e-4,0.9989732557571017
WA1_trap,-5530,1232,-25.5667,-4,NA,NA,0,268.11829999999986,0,0,0
WA1_trap,-5530,4991,-25.5667,-4,No,No,0,765.5483400000003,0,0,0
WA1_trap,-5530,4991,-25.5667,-4,No,Yes,0,765.5483400000003,0,0,0
WA1_trap,-5530,4991,-25.5667,-4,Undetermined,Undetermined,0,765.5483400000003,0,0,0
WA1_trap,-5530,4991,-25.5667,-4,Yes,No,0,765.5483400000003,0,0,0
WA1_trap,-5530,4991,-25.5667,-4,Yes,Yes,6336.2,765.5483400000003,5.828163422486595e-4,2.0981388320951742e-4,1
WA1_trap,-5530,4991,-25.5667,-4,NA,NA,0,765.5483400000003,0,0,0
WA2_trap,-5570,591,-28.0417,-7.5217,No,No,0,171.02730000000008,0,0,0
WA2_trap,-5570,591,-28.0417,-7.5217,No,Yes,0,171.02730000000008,0,0,0
WA2_trap,-5570,591,-28.0417,-7.5217,Undetermined,Undetermined,0,171.02730000000008,0,0,0
WA2_trap,-5570,591,-28.0417,-7.5217,Yes,No,0,171.02730000000008,0,0,0
WA2_trap,-5570,591,-28.0417,-7.5217,Yes,Yes,1130.1,171.02730000000008,4.652934063743037e-4,1.6750562629474935e-4,1
WA2_trap,-5570,591,-28.0417,-7.5217,NA,NA,0,171.02730000000008,0,0,0
WA3_trap,-5570,671,-28.0333,-7.5167,No,No,0,171.02730000000008,0,0,0
WA3_trap,-5570,671,-28.0333,-7.5167,No,Yes,0,171.02730000000008,0,0,0
WA3_trap,-5570,671,-28.0333,-7.5167,Undetermined,Undetermined,0,171.02730000000008,0,0,0
WA3_trap,-5570,671,-28.0333,-7.5167,Yes,No,0,171.02730000000008,0,0,0
WA3_trap,-5570,671,-28.0333,-7.5167,Yes,Yes,1578,171.02730000000008,6.497062164929221e-4,2.3389423793745198e-4,1
WA3_trap,-5570,671,-28.0333,-7.5167,NA,NA,0,171.02730000000008,0,0,0
WA3_trap,-5570,5031,-28.0333,-7.5167,No,No,0,765.5483400000003,0,0,0
WA3_trap,-5570,5031,-28.0333,-7.5167,No,Yes,0,765.5483400000003,0,0,0
WA3_trap,-5570,5031,-28.0333,-7.5167,Undetermined,Undetermined,0,765.5483400000003,0,0,0
WA3_trap,-5570,5031,-28.0333,-7.5167,Yes,No,0,765.5483400000003,0,0,0
WA3_trap,-5570,5031,-28.0333,-7.5167,Yes,Yes,3200,765.5483400000003,2.9434239689336047e-4,1.0596326288160977e-4,1
WA3_trap,-5570,5031,-28.0333,-7.5167,NA,NA,0,765.5483400000003,0,0,0
WAB1_trap,-5483,727,-28.52,-11.55,No,No,0,171.02730000000008,0,0,0
WAB1_trap,-5483,727,-28.52,-11.55,No,Yes,1.7000000000000002,171.02730000000008,6.999369886172166e-7,2.51977315902198e-7,0.009465478841870826
WAB1_trap,-5483,727,-28.52,-11.55,Undetermined,Undetermined,0,171.02730000000008,0,0,0
WAB1_trap,-5483,727,-28.52,-11.55,Yes,No,0,171.02730000000008,0,0,0
WAB1_trap,-5483,727,-28.52,-11.55,Yes,Yes,177.9,171.02730000000008,7.32463472205899e-5,2.6368684999412362e-5,0.9905345211581292
WAB1_trap,-5483,727,-28.52,-11.55,NA,NA,0,171.02730000000008,0,0,0
WAB1_trap,-5483,4515,-28.52,-11.55,No,No,0,765.5483400000003,0,0,0
WAB1_trap,-5483,4515,-28.52,-11.55,No,Yes,1.7000000000000002,765.5483400000003,1.5636939834959776e-7,5.629298340585519e-8,0.0047672462142456535
WAB1_trap,-5483,4515,-28.52,-11.55,Undetermined,Undetermined,0,765.5483400000003,0,0,0
WAB1_trap,-5483,4515,-28.52,-11.55,Yes,No,0,765.5483400000003,0,0,0
WAB1_trap,-5483,4515,-28.52,-11.55,Yes,Yes,354.90000000000003,765.5483400000003,3.264441145545426e-5,1.1751988123963534e-5,0.9952327537857544
WAB1_trap,-5483,4515,-28.52,-11.55,NA,NA,0,765.5483400000003,0,0,0
WAB2_trap,-5460,710,-28.53,-11.58,No,No,0,171.02730000000008,0,0,0
WAB2_trap,-5460,710,-28.53,-11.58,No,Yes,5.300000000000001,171.02730000000008,2.1821564939242634e-6,7.855763378127349e-7,0.008553905745642352
WAB2_trap,-5460,710,-28.53,-11.58,Undetermined,Undetermined,0,171.02730000000008,0,0,0
WAB2_trap,-5460,710,-28.53,-11.58,Yes,No,0,171.02730000000008,0,0,0
WAB2_trap,-5460,710,-28.53,-11.58,Yes,Yes,614.3,171.02730000000008,2.52924289475033e-4,9.105274421101188e-5,0.9914460942543577
WAB2_trap,-5460,710,-28.53,-11.58,NA,NA,0,171.02730000000008,0,0,0
WB1_trap,-1803,968,12.44,-23.03,No,No,53812.7,230.80190000000005,0.01641802324128758,0.005910488366863529,0.8957899485458501
WB1_trap,-1803,968,12.44,-23.03,No,Yes,6022.6,230.80190000000005,0.00183746934781155,6.614889652121579e-4,0.10025485701539298
WB1_trap,-1803,968,12.44,-23.03,Undetermined,Undetermined,0,230.80190000000005,0,0,0
WB1_trap,-1803,968,12.44,-23.03,Yes,No,0,230.80190000000005,0,0,0
WB1_trap,-1803,968,12.44,-23.03,Yes,Yes,237.6,230.80190000000005,7.249073772789564e-5,2.6096665582042428e-5,0.0039551944387569106
WB1_trap,-1803,968,12.44,-23.03,NA,NA,0,230.80190000000005,0,0,0
WCT1-1_trap,-4905,917,137,25,No,No,17.3,198.67919999999992,6.131534319311402e-6,2.207352354952105e-6,0.011121825779492125
WCT1-1_trap,-4905,917,137,25,No,Yes,0,198.67919999999992,0,0,0
WCT1-1_trap,-4905,917,137,25,Undetermined,Undetermined,0,198.67919999999992,0,0,0
WCT1-1_trap,-4905,917,137,25,Yes,No,0,198.67919999999992,0,0,0
WCT1-1_trap,-4905,917,137,25,Yes,Yes,1538.2,198.67919999999992,5.45174918495075e-4,1.96262970658227e-4,0.9888781742205079
WCT1-1_trap,-4905,917,137,25,NA,NA,0,198.67919999999992,0,0,0
WCT1-1_trap,-4905,4336,137,25,No,No,29.5,765.5483400000003,2.7134689713606663e-6,9.7684882968984e-7,0.01794076506720185
WCT1-1_trap,-4905,4336,137,25,No,Yes,0,765.5483400000003,0,0,0
WCT1-1_trap,-4905,4336,137,25,Undetermined,Undetermined,0,765.5483400000003,0,0,0
WCT1-1_trap,-4905,4336,137,25,Yes,No,0,765.5483400000003,0,0,0
WCT1-1_trap,-4905,4336,137,25,Yes,Yes,1614.8,765.5483400000003,1.48532532032312e-4,5.347171153163233e-5,0.9820592349327981
WCT1-1_trap,-4905,4336,137,25,NA,NA,0,765.5483400000003,0,0,0
WCT1-2_trap,-5308,1388,137,25,No,No,19.8,268.11829999999986,5.200129942640994e-6,1.8720467793507578e-6,0.0065045992115637325
WCT1-2_trap,-5308,1388,137,25,No,Yes,0,268.11829999999986,0,0,0
WCT1-2_trap,-5308,1388,137,25,Undetermined,Undetermined,0,268.11829999999986,0,0,0
WCT1-2_trap,-5308,1388,137,25,Yes,No,0,268.11829999999986,0,0,0
WCT1-2_trap,-5308,1388,137,25,Yes,Yes,3024.2,268.11829999999986,7.942541905320653e-4,2.859315085915435e-4,0.9934954007884362
WCT1-2_trap,-5308,1388,137,25,NA,NA,0,268.11829999999986,0,0,0
WCT1-2_trap,-5308,4758,137,25,No,No,9,765.5483400000003,8.278379912625763e-7,2.9802167685452745e-7,0.003406252365453032
WCT1-2_trap,-5308,4758,137,25,No,Yes,0,765.5483400000003,0,0,0
WCT1-2_trap,-5308,4758,137,25,Undetermined,Undetermined,0,765.5483400000003,0,0,0
WCT1-2_trap,-5308,4758,137,25,Yes,No,0,765.5483400000003,0,0,0
WCT1-2_trap,-5308,4758,137,25,Yes,Yes,2633.2,765.5483400000003,2.4220699984362398e-4,8.719451994370463e-5,0.996593747634547
WCT1-2_trap,-5308,4758,137,25,NA,NA,0,765.5483400000003,0,0,0
WCT2-1_trap,-5356,1371,147,39,No,No,4228.9,268.11829999999986,0.0011106479552744695,3.99833263898809e-4,0.7185652144362128
WCT2-1_trap,-5356,1371,147,39,No,Yes,718.7,268.11829999999986,1.8875421160485263e-4,6.795151617774695e-5,0.1221198939713179
WCT2-1_trap,-5356,1371,147,39,Undetermined,Undetermined,0,268.11829999999986,0,0,0
WCT2-1_trap,-5356,1371,147,39,Yes,No,0,268.11829999999986,0,0,0
WCT2-1_trap,-5356,1371,147,39,Yes,Yes,937.6,268.11829999999986,2.462445370818281e-4,8.86480333494581e-5,0.15931489159246925
WCT2-1_trap,-5356,1371,147,39,NA,NA,0,268.11829999999986,0,0,0
WCT2-1_trap,-5356,4787,147,39,No,No,4149,765.5483400000003,3.8163331397204767e-4,1.3738799302993716e-4,0.7975165308319238
WCT2-1_trap,-5356,4787,147,39,No,Yes,516.8,765.5483400000003,4.753629709827771e-5,1.7113066955379975e-5,0.09933876672305089
WCT2-1_trap,-5356,4787,147,39,Undetermined,Undetermined,0,765.5483400000003,0,0,0
WCT2-1_trap,-5356,4787,147,39,Yes,No,0,765.5483400000003,0,0,0
WCT2-1_trap,-5356,4787,147,39,Yes,Yes,536.6,765.5483400000003,4.935754067905539e-5,1.7768714644459935e-5,0.10314470244502538
WCT2-1_trap,-5356,4787,147,39,NA,NA,0,765.5483400000003,0,0,0
WCT2-2_trap,-5322,1586,147,39,No,No,7187.4000000000005,311.4680000000001,0.0016249269587887034,5.849737051639333e-4,0.7403127124405167
WCT2-2_trap,-5322,1586,147,39,No,Yes,1610.6,311.4680000000001,3.641243509231552e-4,1.3108476633233587e-4,0.16589415569701088
WCT2-2_trap,-5322,1586,147,39,Undetermined,Undetermined,0,311.4680000000001,0,0,0
WCT2-2_trap,-5322,1586,147,39,Yes,No,0,311.4680000000001,0,0,0
WCT2-2_trap,-5322,1586,147,39,Yes,Yes,910.6,311.4680000000001,2.0586839311475546e-4,7.411262152131197e-5,0.09379313186247244
WCT2-2_trap,-5322,1586,147,39,NA,NA,0,311.4680000000001,0,0,0
WCT2-2_trap,-5322,4787,147,39,No,No,4860.4,765.5483400000003,4.4706930808140286e-4,1.6094495090930502e-4,0.7606616899071944
WCT2-2_trap,-5322,4787,147,39,No,Yes,1002.8,765.5483400000003,9.223954862645683e-5,3.320623750552446e-5,0.15694007543390143
WCT2-2_trap,-5322,4787,147,39,Undetermined,Undetermined,0,765.5483400000003,0,0,0
WCT2-2_trap,-5322,4787,147,39,Yes,No,0,765.5483400000003,0,0,0
WCT2-2_trap,-5322,4787,147,39,Yes,Yes,526.5,765.5483400000003,4.8428522488860714e-5,1.7434268095989855e-5,0.08239823465890418
WCT2-2_trap,-5322,4787,147,39,NA,NA,0,765.5483400000003,0,0,0
WR2_trap,-2196,599,9.15,-20.05,No,No,9059.7,171.02730000000008,0.003730128903397292,0.0013428464052230252,0.6041129048390647
WR2_trap,-2196,599,9.15,-20.05,No,Yes,4437.3,171.02730000000008,0.001826959058583044,6.577052610898959e-4,0.29588509472083857
WR2_trap,-2196,599,9.15,-20.05,Undetermined,Undetermined,0,171.02730000000008,0,0,0
WR2_trap,-2196,599,9.15,-20.05,Yes,No,0,171.02730000000008,0,0,0
WR2_trap,-2196,599,9.15,-20.05,Yes,Yes,1499.7,171.02730000000008,6.174679422524939e-4,2.222884592108978e-4,0.10000200044009681
WR2_trap,-2196,599,9.15,-20.05,NA,NA,0,171.02730000000008,0,0,0
WR2_trap,-2196,1648,9.15,-20.05,No,No,1818.7,311.4680000000001,4.111715863801952e-4,1.4802177109687027e-4,0.36495896293620694
WR2_trap,-2196,1648,9.15,-20.05,No,Yes,1708.6,311.4680000000001,3.8628018501633116e-4,1.3906086660587922e-4,0.3428651696666867
WR2_trap,-2196,1648,9.15,-20.05,Undetermined,Undetermined,0,311.4680000000001,0,0,0
WR2_trap,-2196,1648,9.15,-20.05,Yes,No,0,311.4680000000001,0,0,0
WR2_trap,-2196,1648,9.15,-20.05,Yes,Yes,1456,311.4680000000001,3.291723922414715e-4,1.1850206120692974e-4,0.2921758673971063
WR2_trap,-2196,1648,9.15,-20.05,NA,NA,0,311.4680000000001,0,0,0
WR3_trap,-2208,1648,9.1617,-20.04,No,No,10546.2,311.4680000000001,0.002384284260341351,8.583423337228862e-4,0.7517481769775249
WR3_trap,-2208,1648,9.1617,-20.04,No,Yes,3288.3,311.4680000000001,7.434186658019442e-4,2.676307196886999e-4,0.23439471376943308
WR3_trap,-2208,1648,9.1617,-20.04,Undetermined,Undetermined,0,311.4680000000001,0,0,0
WR3_trap,-2208,1648,9.1617,-20.04,Yes,No,0,311.4680000000001,0,0,0
WR3_trap,-2208,1648,9.1617,-20.04,Yes,Yes,194.4,311.4680000000001,4.394994028278987e-5,1.5821978501804353e-5,0.013857109253041934
WR3_trap,-2208,1648,9.1617,-20.04,NA,NA,0,311.4680000000001,0,0,0
WR4_trap,-2263,1717,8.96,-20.125,No,No,9276.4,311.4680000000001,0.0020972079528769135,7.549948630356887e-4,0.699883810414812
WR4_trap,-2263,1717,8.96,-20.125,No,Yes,2888.5,311.4680000000001,6.530319058993753e-4,2.350914861237751e-4,0.2179309200102609
WR4_trap,-2263,1717,8.96,-20.125,Undetermined,Undetermined,0,311.4680000000001,0,0,0
WR4_trap,-2263,1717,8.96,-20.125,Yes,No,0,311.4680000000001,0,0,0
WR4_trap,-2263,1717,8.96,-20.125,Yes,Yes,1089.3,311.4680000000001,2.462688783438426e-4,8.865679620378334e-5,0.0821852695749272
WR4_trap,-2263,1717,8.96,-20.125,NA,NA,0,311.4680000000001,0,0,0
WS1_trap,-3880,863,-34.7667,-62.45,No,No,98.3,198.67919999999992,3.483987419585611e-5,1.25423547105082e-5,1
WS1_trap,-3880,863,-34.7667,-62.45,No,Yes,0,198.67919999999992,0,0,0
WS1_trap,-3880,863,-34.7667,-62.45,Undetermined,Undetermined,0,198.67919999999992,0,0,0
WS1_trap,-3880,863,-34.7667,-62.45,Yes,No,0,198.67919999999992,0,0,0
WS1_trap,-3880,863,-34.7667,-62.45,Yes,Yes,0,198.67919999999992,0,0,0
WS1_trap,-3880,863,-34.7667,-62.45,NA,NA,0,198.67919999999992,0,0,0
WS2_trap,-5000,4456,-2.5,-62.916666,No,No,2795.6,765.5483400000003,2.57144876485962e-4,9.257215553494633e-5,1
WS2_trap,-5000,4456,-2.5,-62.916666,No,Yes,0,765.5483400000003,0,0,0
WS2_trap,-5000,4456,-2.5,-62.916666,Undetermined,Undetermined,0,765.5483400000003,0,0,0
WS2_trap,-5000,4456,-2.5,-62.916666,Yes,No,0,765.5483400000003,0,0,0
WS2_trap,-5000,4456,-2.5,-62.916666,Yes,Yes,0,765.5483400000003,0,0,0
WS2_trap,-5000,4456,-2.5,-62.916666,NA,NA,0,765.5483400000003,0,0,0
WS3_trap,-5053,360,-2.5633,-64.9017,No,No,40472.299999999996,126.73340000000002,0.022487556226956217,0.008095520241704237,0.9998418921556275
WS3_trap,-5053,360,-2.5633,-64.9017,No,Yes,0,126.73340000000002,0,0,0
WS3_trap,-5053,360,-2.5633,-64.9017,Undetermined,Undetermined,0,126.73340000000002,0,0,0
WS3_trap,-5053,360,-2.5633,-64.9017,Yes,No,0,126.73340000000002,0,0,0
WS3_trap,-5053,360,-2.5633,-64.9017,Yes,Yes,6.4,126.73340000000002,3.556021275107167e-6,1.2801676590385802e-6,1.5810784437247246e-4
WS3_trap,-5053,360,-2.5633,-64.9017,NA,NA,0,126.73340000000002,0,0,0
WS4_trap,-5044,352,-2.5958,-64.9292,No,No,545.5,126.73340000000002,3.030952508704624e-4,1.0911429031336647e-4,1
WS4_trap,-5044,352,-2.5958,-64.9292,No,Yes,0,126.73340000000002,0,0,0
WS4_trap,-5044,352,-2.5958,-64.9292,Undetermined,Undetermined,0,126.73340000000002,0,0,0
WS4_trap,-5044,352,-2.5958,-64.9292,Yes,No,0,126.73340000000002,0,0,0
WS4_trap,-5044,352,-2.5958,-64.9292,Yes,Yes,0,126.73340000000002,0,0,0
WS4_trap,-5044,352,-2.5958,-64.9292,NA,NA,0,126.73340000000002,0,0,0
NA,-1450,600,-12.81666,49.18333,No,No,5969,171.02730000000008,0.002457602285327156,8.847368227177763e-4,0.45620605319474167
NA,-1450,600,-12.81666,49.18333,No,Yes,2524,171.02730000000008,0.001039200564276385,3.7411220313949856e-4,0.19290736777743808
NA,-1450,600,-12.81666,49.18333,Undetermined,Undetermined,0,171.02730000000008,0,0,0
NA,-1450,600,-12.81666,49.18333,Yes,No,2392,171.02730000000008,9.8485251574846e-4,3.545469056694456e-4,0.18281870987465607
NA,-1450,600,-12.81666,49.18333,Yes,Yes,1888,171.02730000000008,7.773417850054734e-4,2.7984304260197045e-4,0.14429837970039744
NA,-1450,600,-12.81666,49.18333,NA,NA,311,171.02730000000008,1.2804729615291431e-4,4.609702661504915e-5,0.02376948945276674
