Event,Elevation [m],Longitude,Latitude,Depth water [m],Symbiosis,Spinose,export_n_m2_d,export_mmolC_m2_d,prop
Benguela_trap,-595,12.98,-23,545,No,No,8498,0.5984008333333334,0.7841894801599507
Benguela_trap,-595,12.98,-23,545,No,Yes,2338.666666666667,0.16468111111111114,0.21581051984004923
Benguela_trap,-595,12.98,-23,545,Undetermined,Undetermined,0,0,0
Benguela_trap,-595,12.98,-23,545,Yes,No,0,0,0
Benguela_trap,-595,12.98,-23,545,Yes,Yes,0,0,0
Benguela_trap,-595,12.98,-23,545,NA,NA,0,0,0
CB1_trap,-3646,-19.742,20.755,2195,No,No,24.946153846153845,0.001756625,0.2136926726410121
CB1_trap,-3646,-19.742,20.755,2195,No,Yes,41.45384615384616,0.002919041666666667,0.3551001581444386
CB1_trap,-3646,-19.742,20.755,2195,Undetermined,Undetermined,0,0,0
CB1_trap,-3646,-19.742,20.755,2195,Yes,No,0,0,0
CB1_trap,-3646,-19.742,20.755,2195,Yes,Yes,50.33846153846154,0.0035446666666666665,0.43120716921454927
CB1_trap,-3646,-19.742,20.755,2195,NA,NA,0,0,0
CB2_trap,-4092,-20.687,21.145,3502,No,No,89.95454545454545,0.006334299242424242,0.19719994021224654
CB2_trap,-4092,-20.687,21.145,3502,No,Yes,90.38181818181819,0.006364386363636364,0.19813661501669078
CB2_trap,-4092,-20.687,21.145,3502,Undetermined,Undetermined,0,0,0
CB2_trap,-4092,-20.687,21.145,3502,Yes,No,0,0,0
CB2_trap,-4092,-20.687,21.145,3502,Yes,Yes,275.82272727272726,0.019422517045454543,0.6046634447710627
CB2_trap,-4092,-20.687,21.145,3502,NA,NA,0,0,0
CB3_trap,-4094,-20.672,21.138,0,No,No,283.7063333333333,0.019977654305555554,0.2550108798917379
CB3_trap,-4094,-20.672,21.138,0,No,Yes,107.68966666666667,0.007583147361111111,0.09679740430626489
CB3_trap,-4094,-20.672,21.138,0,Undetermined,Undetermined,0.9922222222222221,6.986898148148147e-5,8.918639882449728e-4
CB3_trap,-4094,-20.672,21.138,0,Yes,No,323.4722777777778,0.022777839560185184,0.2907547011993473
CB3_trap,-4094,-20.672,21.138,0,Yes,Yes,396.66588888888884,0.027931889675925924,0.35654515061440484
CB3_trap,-4094,-20.672,21.138,0,NA,NA,0,0,0
CB3_trap,-4094,-20.672,21.138,730,No,No,219.36666666666667,0.015447069444444446,0.44067229141556175
CB3_trap,-4094,-20.672,21.138,730,No,Yes,95.6277777777778,0.006733789351851853,0.19210079907147004
CB3_trap,-4094,-20.672,21.138,730,Undetermined,Undetermined,0,0,0
CB3_trap,-4094,-20.672,21.138,730,Yes,No,0,0,0
CB3_trap,-4094,-20.672,21.138,730,Yes,Yes,182.80555555555557,0.012872557870370371,0.36722690951296816
CB3_trap,-4094,-20.672,21.138,730,NA,NA,0,0,0
CB3_trap,-4094,-20.672,21.138,3557,No,No,182.7,0.012865125,0.45041602465331276
CB3_trap,-4094,-20.672,21.138,3557,No,Yes,56.95,0.004010229166666667,0.14040061633281972
CB3_trap,-4094,-20.672,21.138,3557,Undetermined,Undetermined,0,0,0
CB3_trap,-4094,-20.672,21.138,3557,Yes,No,0,0,0
CB3_trap,-4094,-20.672,21.138,3557,Yes,Yes,165.975,0.011687406249999999,0.4091833590138675
CB3_trap,-4094,-20.672,21.138,3557,NA,NA,0,0,0
CB4_trap,-4108,-20.687,21.145,733,No,No,44.82,0.003156075,0.6051441301559441
CB4_trap,-4108,-20.687,21.145,733,No,Yes,22.885,0.0016114854166666668,0.30898535070546146
CB4_trap,-4108,-20.687,21.145,733,Undetermined,Undetermined,0,0,0
CB4_trap,-4108,-20.687,21.145,733,Yes,No,0,0,0
CB4_trap,-4108,-20.687,21.145,733,Yes,Yes,6.36,4.4785e-4,0.08587051913859449
CB4_trap,-4108,-20.687,21.145,733,NA,NA,0,0,0
CB4_trap,-4108,-20.687,21.145,3562,No,No,27.88,0.0019632166666666666,0.54453125
CB4_trap,-4108,-20.687,21.145,3562,No,Yes,16.92,0.0011914500000000001,0.33046875000000003
CB4_trap,-4108,-20.687,21.145,3562,Undetermined,Undetermined,0,0,0
CB4_trap,-4108,-20.687,21.145,3562,Yes,No,0,0,0
CB4_trap,-4108,-20.687,21.145,3562,Yes,Yes,6.4,4.506666666666667e-4,0.12500000000000003
CB4_trap,-4108,-20.687,21.145,3562,NA,NA,0,0,0
CB5_trap,-4119,-20.6817,21.1433,3587,No,No,336.2105263157895,0.023674824561403508,0.7696571001710885
CB5_trap,-4119,-20.6817,21.1433,3587,No,Yes,79.85263157894737,0.005622956140350877,0.18279958553218148
CB5_trap,-4119,-20.6817,21.1433,3587,Undetermined,Undetermined,0,0,0
CB5_trap,-4119,-20.6817,21.1433,3587,Yes,No,0,0,0
CB5_trap,-4119,-20.6817,21.1433,3587,Yes,Yes,20.768421052631577,0.0014624429824561403,0.04754331429673004
CB5_trap,-4119,-20.6817,21.1433,3587,NA,NA,0,0,0
CBBT-88/89_trap,-3263,84.35,13.15,950,No,No,0,0,0
CBBT-88/89_trap,-3263,84.35,13.15,950,No,Yes,67.27272727272728,0.0047371212121212125,0.39174166225516144
CBBT-88/89_trap,-3263,84.35,13.15,950,Undetermined,Undetermined,0,0,0
CBBT-88/89_trap,-3263,84.35,13.15,950,Yes,No,0,0,0
CBBT-88/89_trap,-3263,84.35,13.15,950,Yes,Yes,104.45454545454545,0.007355340909090909,0.6082583377448385
CBBT-88/89_trap,-3263,84.35,13.15,950,NA,NA,0,0,0
CBBT-88/89_trap,-3263,84.35,13.15,2286,No,No,0,0,0
CBBT-88/89_trap,-3263,84.35,13.15,2286,No,Yes,53.9,0.0037954583333333334,0.3235294117647059
CBBT-88/89_trap,-3263,84.35,13.15,2286,Undetermined,Undetermined,0,0,0
CBBT-88/89_trap,-3263,84.35,13.15,2286,Yes,No,0,0,0
CBBT-88/89_trap,-3263,84.35,13.15,2286,Yes,Yes,112.7,0.007935958333333333,0.6764705882352942
CBBT-88/89_trap,-3263,84.35,13.15,2286,NA,NA,0,0,0
CH3-1_trap,-4360,-73.18333,-30.0175,2333,No,No,3454.165,0.24323078541666665,0.6869387442587969
CH3-1_trap,-4360,-73.18333,-30.0175,2333,No,Yes,1552.5049999999999,0.10932222708333332,0.30875069232520835
CH3-1_trap,-4360,-73.18333,-30.0175,2333,Undetermined,Undetermined,0,0,0
CH3-1_trap,-4360,-73.18333,-30.0175,2333,Yes,No,0,0,0
CH3-1_trap,-4360,-73.18333,-30.0175,2333,Yes,Yes,21.675,0.00152628125,0.0043105634159947255
CH3-1_trap,-4360,-73.18333,-30.0175,2333,NA,NA,0,0,0
CH4-1_trap,-4330,-73.17116,-30.005,2303,No,No,1648.81,0.11610370416666667,0.8809322181052699
CH4-1_trap,-4330,-73.17116,-30.005,2303,No,Yes,213.45499999999998,0.015030789583333332,0.1140455156237895
CH4-1_trap,-4330,-73.17116,-30.005,2303,Undetermined,Undetermined,0,0,0
CH4-1_trap,-4330,-73.17116,-30.005,2303,Yes,No,0,0,0
CH4-1_trap,-4330,-73.17116,-30.005,2303,Yes,Yes,9.4,6.619166666666667e-4,0.00502226627094058
CH4-1_trap,-4330,-73.17116,-30.005,2303,NA,NA,0,0,0
CI7_trap,-3610,-15.45,29.1833,500,No,No,0.37894736842105264,2.668421052631579e-5,0.016547920018386578
CI7_trap,-3610,-15.45,29.1833,500,No,Yes,1.7736842105263155,1.2489692982456139e-4,0.07745345897494828
CI7_trap,-3610,-15.45,29.1833,500,Undetermined,Undetermined,0,0,0
CI7_trap,-3610,-15.45,29.1833,500,Yes,No,0,0,0
CI7_trap,-3610,-15.45,29.1833,500,Yes,Yes,20.74736842105263,0.0014609605263157894,0.9059986210066652
CI7_trap,-3610,-15.45,29.1833,500,NA,NA,0,0,0
CI7_trap,-3610,-15.45,29.1833,750,No,No,1.4210526315789473,1.000657894736842e-4,0.04349226804123711
CI7_trap,-3610,-15.45,29.1833,750,No,Yes,2.136842105263158,1.5046929824561402e-4,0.06539948453608246
CI7_trap,-3610,-15.45,29.1833,750,Undetermined,Undetermined,0,0,0
CI7_trap,-3610,-15.45,29.1833,750,Yes,No,0,0,0
CI7_trap,-3610,-15.45,29.1833,750,Yes,Yes,29.11578947368421,0.002050236842105263,0.8911082474226804
CI7_trap,-3610,-15.45,29.1833,750,NA,NA,0,0,0
EA1_trap,-4524,-11.25,3.1667,984,No,No,0,0,0
EA1_trap,-4524,-11.25,3.1667,984,No,Yes,13.635,9.6013125e-4,0.01920125051048429
EA1_trap,-4524,-11.25,3.1667,984,Undetermined,Undetermined,0,0,0
EA1_trap,-4524,-11.25,3.1667,984,Yes,No,0,0,0
EA1_trap,-4524,-11.25,3.1667,984,Yes,Yes,696.475,0.04904344791666667,0.9807987494895157
EA1_trap,-4524,-11.25,3.1667,984,NA,NA,0,0,0
EA2_trap,-4399,-11.25,1.8,953,No,No,0,0,0
EA2_trap,-4399,-11.25,1.8,953,No,Yes,36.6,0.00257725,0.037773626577771356
EA2_trap,-4399,-11.25,1.8,953,Undetermined,Undetermined,0,0,0
EA2_trap,-4399,-11.25,1.8,953,Yes,No,0,0,0
EA2_trap,-4399,-11.25,1.8,953,Yes,Yes,932.3299999999999,0.06565157083333333,0.9622263734222286
EA2_trap,-4399,-11.25,1.8,953,NA,NA,0,0,0
EA3_trap,-4141,-10.7667,-0.0833,1097,No,No,0,0,0
EA3_trap,-4141,-10.7667,-0.0833,1097,No,Yes,15.03,0.0010583625,0.046086623227290145
EA3_trap,-4141,-10.7667,-0.0833,1097,Undetermined,Undetermined,0,0,0
EA3_trap,-4141,-10.7667,-0.0833,1097,Yes,No,0,0,0
EA3_trap,-4141,-10.7667,-0.0833,1097,Yes,Yes,311.095,0.021906272916666667,0.9539133767727099
EA3_trap,-4141,-10.7667,-0.0833,1097,NA,NA,0,0,0
EA4_trap,-3906,-10.1,-2.1833,1068,No,No,0,0,0
EA4_trap,-3906,-10.1,-2.1833,1068,No,Yes,23.475,0.00165303125,0.042307588332297044
EA4_trap,-3906,-10.1,-2.1833,1068,Undetermined,Undetermined,0,0,0
EA4_trap,-3906,-10.1,-2.1833,1068,Yes,No,0,0,0
EA4_trap,-3906,-10.1,-2.1833,1068,Yes,Yes,531.39,0.0374187125,0.9576924116677029
EA4_trap,-3906,-10.1,-2.1833,1068,NA,NA,0,0,0
EAST-86/90_trap,-3785,68.69,15.48,1395,No,No,0,0,0
EAST-86/90_trap,-3785,68.69,15.48,1395,No,Yes,704.8461538461538,0.049632916666666665,0.7549641591826646
EAST-86/90_trap,-3785,68.69,15.48,1395,Undetermined,Undetermined,0,0,0
EAST-86/90_trap,-3785,68.69,15.48,1395,Yes,No,0,0,0
EAST-86/90_trap,-3785,68.69,15.48,1395,Yes,Yes,228.7692307692308,0.016109166666666667,0.24503584081733545
EAST-86/90_trap,-3785,68.69,15.48,1395,NA,NA,0,0,0
EAST-86/90_trap,-3785,68.69,15.48,1407,No,No,0,0,0
EAST-86/90_trap,-3785,68.69,15.48,1407,No,Yes,190,0.013379166666666666,0.8293650793650793
EAST-86/90_trap,-3785,68.69,15.48,1407,Undetermined,Undetermined,0,0,0
EAST-86/90_trap,-3785,68.69,15.48,1407,Yes,No,0,0,0
EAST-86/90_trap,-3785,68.69,15.48,1407,Yes,Yes,39.09090909090909,0.0027526515151515153,0.17063492063492064
EAST-86/90_trap,-3785,68.69,15.48,1407,NA,NA,0,0,0
EAST-86/90_trap,-3785,68.69,15.48,2764,No,No,0,0,0
EAST-86/90_trap,-3785,68.69,15.48,2764,No,Yes,120.16666666666667,0.00846173611111111,0.8472385428907168
EAST-86/90_trap,-3785,68.69,15.48,2764,Undetermined,Undetermined,0,0,0
EAST-86/90_trap,-3785,68.69,15.48,2764,Yes,No,0,0,0
EAST-86/90_trap,-3785,68.69,15.48,2764,Yes,Yes,21.666666666666668,0.0015256944444444445,0.15276145710928318
EAST-86/90_trap,-3785,68.69,15.48,2764,NA,NA,0,0,0
EAST-86/90_trap,-3785,68.69,15.48,2773,No,No,0,0,0
EAST-86/90_trap,-3785,68.69,15.48,2773,No,Yes,663,0.04668625,0.7455237436207941
EAST-86/90_trap,-3785,68.69,15.48,2773,Undetermined,Undetermined,0,0,0
EAST-86/90_trap,-3785,68.69,15.48,2773,Yes,No,0,0,0
EAST-86/90_trap,-3785,68.69,15.48,2773,Yes,Yes,226.3076923076923,0.015935833333333333,0.25447625637920596
EAST-86/90_trap,-3785,68.69,15.48,2773,NA,NA,0,0,0
EAST-86/90_trap,-3785,68.69,15.48,2787,No,No,0,0,0
EAST-86/90_trap,-3785,68.69,15.48,2787,No,Yes,601.25,0.04233802083333333,0.6466792148426996
EAST-86/90_trap,-3785,68.69,15.48,2787,Undetermined,Undetermined,0,0,0
EAST-86/90_trap,-3785,68.69,15.48,2787,Yes,No,0,0,0
EAST-86/90_trap,-3785,68.69,15.48,2787,Yes,Yes,328.5,0.023131875,0.35332078515730037
EAST-86/90_trap,-3785,68.69,15.48,2787,NA,NA,0,0,0
EBC2-1_trap,-996,-13.1557,28.7082,700,No,No,1.6049999999999998,1.1301874999999998e-4,0.01255377395385217
EBC2-1_trap,-996,-13.1557,28.7082,700,No,Yes,69.645,0.00490416875,0.5447399296050058
EBC2-1_trap,-996,-13.1557,28.7082,700,Undetermined,Undetermined,0,0,0
EBC2-1_trap,-996,-13.1557,28.7082,700,Yes,No,0,0,0
EBC2-1_trap,-996,-13.1557,28.7082,700,Yes,Yes,56.6,0.003985583333333333,0.442706296441142
EBC2-1_trap,-996,-13.1557,28.7082,700,NA,NA,0,0,0
G_trap,-3663,-132,41.55,1000,No,No,6.5,4.5770833333333335e-4,0.22413793103448276
G_trap,-3663,-132,41.55,1000,No,Yes,11,7.745833333333333e-4,0.3793103448275862
G_trap,-3663,-132,41.55,1000,Undetermined,Undetermined,0,0,0
G_trap,-3663,-132,41.55,1000,Yes,No,0,0,0
G_trap,-3663,-132,41.55,1000,Yes,Yes,11.5,8.097916666666667e-4,0.39655172413793105
G_trap,-3663,-132,41.55,1000,NA,NA,0,0,0
JAM-1,-2200,108.0333,-8.2917,830,No,No,72.04761904761905,0.005073353174603175,0.13454868830591374
JAM-1,-2200,108.0333,-8.2917,830,No,Yes,37.42857142857142,0.0026355952380952377,0.06989773232547798
JAM-1,-2200,108.0333,-8.2917,830,Undetermined,Undetermined,0.6666666666666666,4.694444444444444e-5,0.0012449977767896843
JAM-1,-2200,108.0333,-8.2917,830,Yes,No,166.1904761904762,0.011702579365079365,0.31036016007114275
JAM-1,-2200,108.0333,-8.2917,830,Yes,Yes,256.76190476190476,0.01808031746031746,0.47950200088928413
JAM-1,-2200,108.0333,-8.2917,830,NA,NA,2.380952380952381,1.6765873015873016e-4,0.004446420631391729
JAM-2,-2200,108.0333,-8.2917,830,No,No,160.76190476190473,0.011320317460317458,0.17002417405318287
JAM-2,-2200,108.0333,-8.2917,830,No,Yes,96.95238095238095,0.006827063492063492,0.10253827558420628
JAM-2,-2200,108.0333,-8.2917,830,Undetermined,Undetermined,0.1904761904761904,1.3412698412698408e-5,2.0145044319097496e-4
JAM-2,-2200,108.0333,-8.2917,830,Yes,No,338.1904761904762,0.023814246031746034,0.3576752618855762
JAM-2,-2200,108.0333,-8.2917,830,Yes,Yes,341.6190476190476,0.0240556746031746,0.3613013698630137
JAM-2,-2200,108.0333,-8.2917,830,NA,NA,7.809523809523809,5.499206349206349e-4,0.008259468170829976
JAM-3,-2460,108.1417,-8.2683,600,No,No,38.42857142857143,0.002706011904761905,0.09154330440701039
JAM-3,-2460,108.1417,-8.2683,600,No,Yes,97.71428571428572,0.006880714285714286,0.23277182235834612
JAM-3,-2460,108.1417,-8.2683,600,Undetermined,Undetermined,1.9285714285714284,1.358035714285714e-4,0.004594180704441041
JAM-3,-2460,108.1417,-8.2683,600,Yes,No,133.14285714285714,0.00937547619047619,0.3171686234473371
JAM-3,-2460,108.1417,-8.2683,600,Yes,Yes,147,0.01035125,0.3501786625829505
JAM-3,-2460,108.1417,-8.2683,600,NA,NA,1.5714285714285714,1.106547619047619e-4,0.0037434064999149227
LP1_trap,-4327,-17.9543,29.7622,900,No,No,1.4277777777777778,1.0053935185185185e-4,0.13921993499458288
LP1_trap,-4327,-17.9543,29.7622,900,No,Yes,0.15555555555555556,1.0953703703703703e-5,0.015167930660888406
LP1_trap,-4327,-17.9543,29.7622,900,Undetermined,Undetermined,0,0,0
LP1_trap,-4327,-17.9543,29.7622,900,Yes,No,0,0,0
LP1_trap,-4327,-17.9543,29.7622,900,Yes,Yes,8.672222222222222,6.106689814814815e-4,0.8456121343445286
LP1_trap,-4327,-17.9543,29.7622,900,NA,NA,0,0,0
MIR97_40N-1_trap,-5476,165,40,2986,No,No,204.6086956521739,0.01440786231884058,0.42561273401465133
MIR97_40N-1_trap,-5476,165,40,2986,No,Yes,107.78260869565216,0.007589692028985506,0.22420186307316628
MIR97_40N-1_trap,-5476,165,40,2986,Undetermined,Undetermined,0,0,0
MIR97_40N-1_trap,-5476,165,40,2986,Yes,No,0,0,0
MIR97_40N-1_trap,-5476,165,40,2986,Yes,Yes,168.34782608695653,0.01185449275362319,0.3501854029121823
MIR97_40N-1_trap,-5476,165,40,2986,NA,NA,0,0,0
MIR97_50N-1_trap,-5546,165.01667,50.016667,3260,No,No,2689.157894736842,0.1893615350877193,0.8181192256576946
MIR97_50N-1_trap,-5546,165.01667,50.016667,3260,No,Yes,597.8421052631579,0.042098048245614035,0.18188077434230543
MIR97_50N-1_trap,-5546,165.01667,50.016667,3260,Undetermined,Undetermined,0,0,0
MIR97_50N-1_trap,-5546,165.01667,50.016667,3260,Yes,No,0,0,0
MIR97_50N-1_trap,-5546,165.01667,50.016667,3260,Yes,Yes,0,0,0
MIR97_50N-1_trap,-5546,165.01667,50.016667,3260,NA,NA,0,0,0
MIR97_KNOT-1_trap,-5375,155.05,43.966667,2957,No,No,1156.4,0.08142983333333334,0.7475113122171945
MIR97_KNOT-1_trap,-5375,155.05,43.966667,2957,No,Yes,383.95,0.027036479166666665,0.24819004524886873
MIR97_KNOT-1_trap,-5375,155.05,43.966667,2957,Undetermined,Undetermined,0,0,0
MIR97_KNOT-1_trap,-5375,155.05,43.966667,2957,Yes,No,0,0,0
MIR97_KNOT-1_trap,-5375,155.05,43.966667,2957,Yes,Yes,6.65,4.6827083333333334e-4,0.004298642533936651
MIR97_KNOT-1_trap,-5375,155.05,43.966667,2957,NA,NA,0,0,0
MW_trap,-2830,-127.58,42.19,1000,No,No,44,0.003098333333333333,0.6125290023201857
MW_trap,-2830,-127.58,42.19,1000,No,Yes,23,0.0016195833333333333,0.32018561484918795
MW_trap,-2830,-127.58,42.19,1000,Undetermined,Undetermined,0,0,0
MW_trap,-2830,-127.58,42.19,1000,Yes,No,0,0,0
MW_trap,-2830,-127.58,42.19,1000,Yes,Yes,4.833333333333334,3.4034722222222224e-4,0.06728538283062646
MW_trap,-2830,-127.58,42.19,1000,NA,NA,0,0,0
NBBTn-88/89_trap,-2265,89.6,17.45,967,No,No,0,0,0
NBBTn-88/89_trap,-2265,89.6,17.45,967,No,Yes,46.92307692307692,0.0033041666666666666,0.26349892008639303
NBBTn-88/89_trap,-2265,89.6,17.45,967,Undetermined,Undetermined,0,0,0
NBBTn-88/89_trap,-2265,89.6,17.45,967,Yes,No,0,0,0
NBBTn-88/89_trap,-2265,89.6,17.45,967,Yes,Yes,131.15384615384616,0.009235416666666668,0.7365010799136069
NBBTn-88/89_trap,-2265,89.6,17.45,967,NA,NA,0,0,0
NBBTn-88/89_trap,-2265,89.6,17.45,1498,No,No,0,0,0
NBBTn-88/89_trap,-2265,89.6,17.45,1498,No,Yes,31.230769230769234,0.002199166666666667,0.19882468168462294
NBBTn-88/89_trap,-2265,89.6,17.45,1498,Undetermined,Undetermined,0,0,0
NBBTn-88/89_trap,-2265,89.6,17.45,1498,Yes,No,0,0,0
NBBTn-88/89_trap,-2265,89.6,17.45,1498,Yes,Yes,125.84615384615384,0.008861666666666667,0.8011753183153771
NBBTn-88/89_trap,-2265,89.6,17.45,1498,NA,NA,0,0,0
NBBTn-88/89_trap,-2265,89.6,17.45,2029,No,No,0,0,0
NBBTn-88/89_trap,-2265,89.6,17.45,2029,No,Yes,35,0.0024645833333333334,0.215742057847321
NBBTn-88/89_trap,-2265,89.6,17.45,2029,Undetermined,Undetermined,0,0,0
NBBTn-88/89_trap,-2265,89.6,17.45,2029,Yes,No,0,0,0
NBBTn-88/89_trap,-2265,89.6,17.45,2029,Yes,Yes,127.23076923076923,0.008959166666666666,0.784257942152679
NBBTn-88/89_trap,-2265,89.6,17.45,2029,NA,NA,0,0,0
NCR_trap,-1500,178.63,-42.7,300,No,No,421.5,0.029680625,0.5725540802119061
NCR_trap,-1500,178.63,-42.7,300,No,Yes,306.825,0.02160559375,0.41678269433219
NCR_trap,-1500,178.63,-42.7,300,Undetermined,Undetermined,0,0,0
NCR_trap,-1500,178.63,-42.7,300,Yes,No,0,0,0
NCR_trap,-1500,178.63,-42.7,300,Yes,Yes,7.85,5.527708333333333e-4,0.010663225455903825
NCR_trap,-1500,178.63,-42.7,300,NA,NA,0,0,0
NCR_trap,-1500,178.63,-42.7,1000,No,No,355.79523809523806,0.02505391468253968,0.5325972285583941
NCR_trap,-1500,178.63,-42.7,1000,No,Yes,302.31428571428575,0.02128796428571429,0.4525404881386862
NCR_trap,-1500,178.63,-42.7,1000,Undetermined,Undetermined,0,0,0
NCR_trap,-1500,178.63,-42.7,1000,Yes,No,0,0,0
NCR_trap,-1500,178.63,-42.7,1000,Yes,Yes,9.928571428571427,6.991369047619047e-4,0.014862283302919705
NCR_trap,-1500,178.63,-42.7,1000,NA,NA,0,0,0
NS_trap,-2829,-125.77,42.09,1000,No,No,225,0.01584375,0.7936507936507936
NS_trap,-2829,-125.77,42.09,1000,No,Yes,52.66666666666667,0.0037086111111111113,0.18577307466196358
NS_trap,-2829,-125.77,42.09,1000,Undetermined,Undetermined,0,0,0
NS_trap,-2829,-125.77,42.09,1000,Yes,No,0,0,0
NS_trap,-2829,-125.77,42.09,1000,Yes,Yes,5.833333333333334,4.1076388888888895e-4,0.020576131687242802
NS_trap,-2829,-125.77,42.09,1000,NA,NA,0,0,0
OSP_trap,-4240,-145,50,3800,No,No,846.9583333333333,0.05963998263888888,0.8896102001517184
OSP_trap,-4240,-145,50,3800,No,Yes,105.09722222222226,0.007400596064814817,0.11038979984828154
OSP_trap,-4240,-145,50,3800,Undetermined,Undetermined,0,0,0
OSP_trap,-4240,-145,50,3800,Yes,No,0,0,0
OSP_trap,-4240,-145,50,3800,Yes,Yes,0,0,0
OSP_trap,-4240,-145,50,3800,NA,NA,0,0,0
Sargasso_trap,-4200,-64.25,32.083,3200,No,No,0,0,0
Sargasso_trap,-4200,-64.25,32.083,3200,No,Yes,100.3206896551724,0.00706424856321839,0.48241497670253863
Sargasso_trap,-4200,-64.25,32.083,3200,Undetermined,Undetermined,0,0,0
Sargasso_trap,-4200,-64.25,32.083,3200,Yes,No,0,0,0
Sargasso_trap,-4200,-64.25,32.083,3200,Yes,Yes,107.63448275862069,0.007579261494252873,0.5175850232974614
Sargasso_trap,-4200,-64.25,32.083,3200,NA,NA,0,0,0
SAST_trap,-4075,67.12,13.13,1654,No,No,0,0,0
SAST_trap,-4075,67.12,13.13,1654,No,Yes,226.10000000000002,0.015921208333333336,1
SAST_trap,-4075,67.12,13.13,1654,Undetermined,Undetermined,0,0,0
SAST_trap,-4075,67.12,13.13,1654,Yes,No,0,0,0
SAST_trap,-4075,67.12,13.13,1654,Yes,Yes,0,0,0
SAST_trap,-4075,67.12,13.13,1654,NA,NA,0,0,0
SAZ_47_trap,-4540,142.07,-46.76,1060,No,No,329.1857142857143,0.023180160714285716,0.6777286497191205
SAZ_47_trap,-4540,142.07,-46.76,1060,No,Yes,156.53333333333333,0.011022555555555555,0.3222713502808796
SAZ_47_trap,-4540,142.07,-46.76,1060,Undetermined,Undetermined,0,0,0
SAZ_47_trap,-4540,142.07,-46.76,1060,Yes,No,0,0,0
SAZ_47_trap,-4540,142.07,-46.76,1060,Yes,Yes,0,0,0
SAZ_47_trap,-4540,142.07,-46.76,1060,NA,NA,0,0,0
SAZ_47_trap,-4540,142.07,-46.76,3850,No,No,293.81951219512194,0.020689790650406503,0.6545997935119274
SAZ_47_trap,-4540,142.07,-46.76,3850,No,Yes,154.97560975609755,0.010912865853658535,0.34526979296853777
SAZ_47_trap,-4540,142.07,-46.76,3850,Undetermined,Undetermined,0,0,0
SAZ_47_trap,-4540,142.07,-46.76,3850,Yes,No,0,0,0
SAZ_47_trap,-4540,142.07,-46.76,3850,Yes,Yes,0.05853658536585363,4.121951219512193e-6,1.304135195348584e-4
SAZ_47_trap,-4540,142.07,-46.76,3850,NA,NA,0,0,0
SAZ_51_trap,-3780,141.74,-51,3080,No,No,729.1904761904763,0.051347162698412704,0.2920622689803283
SAZ_51_trap,-3780,141.74,-51,3080,No,Yes,1767.504761904762,0.12446179365079366,0.7079377310196717
SAZ_51_trap,-3780,141.74,-51,3080,Undetermined,Undetermined,0,0,0
SAZ_51_trap,-3780,141.74,-51,3080,Yes,No,0,0,0
SAZ_51_trap,-3780,141.74,-51,3080,Yes,Yes,0,0,0
SAZ_51_trap,-3780,141.74,-51,3080,NA,NA,0,0,0
SAZ_54_trap,-2280,141.76,-53.75,830,No,No,1940.131818181818,0.13661761553030302,0.9054996669311417
SAZ_54_trap,-2280,141.76,-53.75,830,No,Yes,202.47727272727272,0.01425777462121212,0.09450033306885827
SAZ_54_trap,-2280,141.76,-53.75,830,Undetermined,Undetermined,0,0,0
SAZ_54_trap,-2280,141.76,-53.75,830,Yes,No,0,0,0
SAZ_54_trap,-2280,141.76,-53.75,830,Yes,Yes,0,0,0
SAZ_54_trap,-2280,141.76,-53.75,830,NA,NA,0,0,0
SAZ_54_trap,-2280,141.76,-53.75,1580,No,No,730.38,0.051430925,0.8787636333010486
SAZ_54_trap,-2280,141.76,-53.75,1580,No,Yes,100.765,0.0070955354166666665,0.12123636669895145
SAZ_54_trap,-2280,141.76,-53.75,1580,Undetermined,Undetermined,0,0,0
SAZ_54_trap,-2280,141.76,-53.75,1580,Yes,No,0,0,0
SAZ_54_trap,-2280,141.76,-53.75,1580,Yes,Yes,0,0,0
SAZ_54_trap,-2280,141.76,-53.75,1580,NA,NA,0,0,0
SBBT-06_trap,-3997,87.4,4.1,1518,No,No,0,0,0
SBBT-06_trap,-3997,87.4,4.1,1518,No,Yes,121.92307692307692,0.008585416666666667,1
SBBT-06_trap,-3997,87.4,4.1,1518,Undetermined,Undetermined,0,0,0
SBBT-06_trap,-3997,87.4,4.1,1518,Yes,No,0,0,0
SBBT-06_trap,-3997,87.4,4.1,1518,Yes,Yes,0,0,0
SBBT-06_trap,-3997,87.4,4.1,1518,NA,NA,0,0,0
SCR_trap,-1500,178.62,-44.62,300,No,No,65.8125,0.004634296875,0.03138917207705103
SCR_trap,-1500,178.62,-44.62,300,No,Yes,2030.85,0.1430056875,0.968610827922949
SCR_trap,-1500,178.62,-44.62,300,Undetermined,Undetermined,0,0,0
SCR_trap,-1500,178.62,-44.62,300,Yes,No,0,0,0
SCR_trap,-1500,178.62,-44.62,300,Yes,Yes,0,0,0
SCR_trap,-1500,178.62,-44.62,300,NA,NA,0,0,0
SCR_trap,-1500,178.62,-44.62,1000,No,No,265.87142857142857,0.018721779761904762,0.38280585799303407
SCR_trap,-1500,178.62,-44.62,1000,No,Yes,428.5666666666667,0.030178236111111114,0.6170570167018623
SCR_trap,-1500,178.62,-44.62,1000,Undetermined,Undetermined,0,0,0
SCR_trap,-1500,178.62,-44.62,1000,Yes,No,0,0,0
SCR_trap,-1500,178.62,-44.62,1000,Yes,Yes,0.09523809523809523,6.706349206349206e-6,1.3712530510380386e-4
SCR_trap,-1500,178.62,-44.62,1000,NA,NA,0,0,0
SO53_CAST_trap,-3900,64.75,14.5,722,No,No,0,0,0
SO53_CAST_trap,-3900,64.75,14.5,722,No,Yes,718.4545454545455,0.05059117424242424,0.7025513378967019
SO53_CAST_trap,-3900,64.75,14.5,722,Undetermined,Undetermined,0,0,0
SO53_CAST_trap,-3900,64.75,14.5,722,Yes,No,0,0,0
SO53_CAST_trap,-3900,64.75,14.5,722,Yes,Yes,304.1818181818182,0.021419469696969697,0.29744866210329807
SO53_CAST_trap,-3900,64.75,14.5,722,NA,NA,0,0,0
SO53_CAST_trap,-3900,64.75,14.5,732,No,No,0,0,0
SO53_CAST_trap,-3900,64.75,14.5,732,No,Yes,1184.0833333333335,0.0833792013888889,0.7537531165455413
SO53_CAST_trap,-3900,64.75,14.5,732,Undetermined,Undetermined,0,0,0
SO53_CAST_trap,-3900,64.75,14.5,732,Yes,No,0,0,0
SO53_CAST_trap,-3900,64.75,14.5,732,Yes,Yes,386.83333333333337,0.027239513888888893,0.24624688345445864
SO53_CAST_trap,-3900,64.75,14.5,732,NA,NA,0,0,0
SO53_CAST_trap,-3900,64.75,14.5,744,No,No,0,0,0
SO53_CAST_trap,-3900,64.75,14.5,744,No,Yes,428.4615384615384,0.030170833333333327,0.6312330009066183
SO53_CAST_trap,-3900,64.75,14.5,744,Undetermined,Undetermined,0,0,0
SO53_CAST_trap,-3900,64.75,14.5,744,Yes,No,0,0,0
SO53_CAST_trap,-3900,64.75,14.5,744,Yes,Yes,250.3076923076923,0.017625833333333334,0.3687669990933817
SO53_CAST_trap,-3900,64.75,14.5,744,NA,NA,0,0,0
SO53_CAST_trap,-3900,64.75,14.5,2894,No,No,0,0,0
SO53_CAST_trap,-3900,64.75,14.5,2894,No,Yes,581,0.040912083333333335,0.7329128440366972
SO53_CAST_trap,-3900,64.75,14.5,2894,Undetermined,Undetermined,0,0,0
SO53_CAST_trap,-3900,64.75,14.5,2894,Yes,No,0,0,0
SO53_CAST_trap,-3900,64.75,14.5,2894,Yes,Yes,211.72727272727272,0.014909128787878787,0.26708715596330274
SO53_CAST_trap,-3900,64.75,14.5,2894,NA,NA,0,0,0
SO53_CAST_trap,-3900,64.75,14.5,2913,No,No,0,0,0
SO53_CAST_trap,-3900,64.75,14.5,2913,No,Yes,126.09090909090908,0.008878901515151515,0.40144717800289437
SO53_CAST_trap,-3900,64.75,14.5,2913,Undetermined,Undetermined,0,0,0
SO53_CAST_trap,-3900,64.75,14.5,2913,Yes,No,0,0,0
SO53_CAST_trap,-3900,64.75,14.5,2913,Yes,Yes,188,0.013238333333333333,0.5985528219971057
SO53_CAST_trap,-3900,64.75,14.5,2913,NA,NA,0,0,0
SO53_CAST_trap,-3900,64.75,14.5,2919,No,No,0,0,0
SO53_CAST_trap,-3900,64.75,14.5,2919,No,Yes,887.8461538461538,0.06251916666666667,0.7454146215448204
SO53_CAST_trap,-3900,64.75,14.5,2919,Undetermined,Undetermined,0,0,0
SO53_CAST_trap,-3900,64.75,14.5,2919,Yes,No,0,0,0
SO53_CAST_trap,-3900,64.75,14.5,2919,Yes,Yes,303.2307692307692,0.0213525,0.25458537845517953
SO53_CAST_trap,-3900,64.75,14.5,2919,NA,NA,0,0,0
SO53_WAST_trap,-4020,60.5,16.333333,1022,No,No,0,0,0
SO53_WAST_trap,-4020,60.5,16.333333,1022,No,Yes,2118.6153846153848,0.14918583333333335,0.8431138457770839
SO53_WAST_trap,-4020,60.5,16.333333,1022,Undetermined,Undetermined,0,0,0
SO53_WAST_trap,-4020,60.5,16.333333,1022,Yes,No,0,0,0
SO53_WAST_trap,-4020,60.5,16.333333,1022,Yes,Yes,394.2307692307692,0.027760416666666666,0.1568861542229161
SO53_WAST_trap,-4020,60.5,16.333333,1022,NA,NA,0,0,0
SO53_WAST_trap,-4020,60.5,16.333333,1034,No,No,0,0,0
SO53_WAST_trap,-4020,60.5,16.333333,1034,No,Yes,143.23076923076923,0.010085833333333334,0.4125858630622645
SO53_WAST_trap,-4020,60.5,16.333333,1034,Undetermined,Undetermined,0,0,0
SO53_WAST_trap,-4020,60.5,16.333333,1034,Yes,No,0,0,0
SO53_WAST_trap,-4020,60.5,16.333333,1034,Yes,Yes,203.92307692307693,0.014359583333333334,0.5874141369377354
SO53_WAST_trap,-4020,60.5,16.333333,1034,NA,NA,0,0,0
SO53_WAST_trap,-4020,60.5,16.333333,3021,No,No,0,0,0
SO53_WAST_trap,-4020,60.5,16.333333,3021,No,Yes,208.81818181818184,0.014704280303030304,0.29947848761408086
SO53_WAST_trap,-4020,60.5,16.333333,3021,Undetermined,Undetermined,0,0,0
SO53_WAST_trap,-4020,60.5,16.333333,3021,Yes,No,0,0,0
SO53_WAST_trap,-4020,60.5,16.333333,3021,Yes,Yes,488.45454545454544,0.03439534090909091,0.7005215123859192
SO53_WAST_trap,-4020,60.5,16.333333,3021,NA,NA,0,0,0
SO53_WAST_trap,-4020,60.5,16.333333,3024,No,No,0,0,0
SO53_WAST_trap,-4020,60.5,16.333333,3024,No,Yes,1068.1,0.07521204166666666,0.6971477057633314
SO53_WAST_trap,-4020,60.5,16.333333,3024,Undetermined,Undetermined,0,0,0
SO53_WAST_trap,-4020,60.5,16.333333,3024,Yes,No,0,0,0
SO53_WAST_trap,-4020,60.5,16.333333,3024,Yes,Yes,464,0.03267333333333333,0.30285229423666865
SO53_WAST_trap,-4020,60.5,16.333333,3024,NA,NA,0,0,0
SO53_WAST_trap,-4020,60.5,16.333333,3033,No,No,0,0,0
SO53_WAST_trap,-4020,60.5,16.333333,3033,No,Yes,2301.538461538462,0.1620666666666667,0.8390588631201099
SO53_WAST_trap,-4020,60.5,16.333333,3033,Undetermined,Undetermined,0,0,0
SO53_WAST_trap,-4020,60.5,16.333333,3033,Yes,No,0,0,0
SO53_WAST_trap,-4020,60.5,16.333333,3033,Yes,Yes,441.46153846153845,0.03108625,0.16094113687989003
SO53_WAST_trap,-4020,60.5,16.333333,3033,NA,NA,0,0,0
SPB_trap,-880,-118.5,33.55,500,No,No,166.35714285714283,0.011714315476190474,0.3106990394877268
SPB_trap,-880,-118.5,33.55,500,No,Yes,332.6785714285714,0.023426116071428568,0.6213313767342583
SPB_trap,-880,-118.5,33.55,500,Undetermined,Undetermined,0,0,0
SPB_trap,-880,-118.5,33.55,500,Yes,No,0,0,0
SPB_trap,-880,-118.5,33.55,500,Yes,Yes,36.392857142857146,0.0025626636904761907,0.06796958377801496
SPB_trap,-880,-118.5,33.55,500,NA,NA,0,0,0
WA1_trap,-5530,-25.5667,-4,652,No,No,0,0,0
WA1_trap,-5530,-25.5667,-4,652,No,Yes,0,0,0
WA1_trap,-5530,-25.5667,-4,652,Undetermined,Undetermined,0,0,0
WA1_trap,-5530,-25.5667,-4,652,Yes,No,0,0,0
WA1_trap,-5530,-25.5667,-4,652,Yes,Yes,210.475,0.014820947916666665,1
WA1_trap,-5530,-25.5667,-4,652,NA,NA,0,0,0
WA1_trap,-5530,-25.5667,-4,1232,No,No,0,0,0
WA1_trap,-5530,-25.5667,-4,1232,No,Yes,0.21000000000000002,1.4787500000000002e-5,0.0010267442428983523
WA1_trap,-5530,-25.5667,-4,1232,Undetermined,Undetermined,0,0,0
WA1_trap,-5530,-25.5667,-4,1232,Yes,No,0,0,0
WA1_trap,-5530,-25.5667,-4,1232,Yes,Yes,204.32000000000002,0.014387533333333334,0.9989732557571016
WA1_trap,-5530,-25.5667,-4,1232,NA,NA,0,0,0
WA1_trap,-5530,-25.5667,-4,4991,No,No,0,0,0
WA1_trap,-5530,-25.5667,-4,4991,No,Yes,0,0,0
WA1_trap,-5530,-25.5667,-4,4991,Undetermined,Undetermined,0,0,0
WA1_trap,-5530,-25.5667,-4,4991,Yes,No,0,0,0
WA1_trap,-5530,-25.5667,-4,4991,Yes,Yes,316.81,0.022308704166666665,1
WA1_trap,-5530,-25.5667,-4,4991,NA,NA,0,0,0
WA2_trap,-5570,-28.0417,-7.5217,591,No,No,0,0,0
WA2_trap,-5570,-28.0417,-7.5217,591,No,Yes,0,0,0
WA2_trap,-5570,-28.0417,-7.5217,591,Undetermined,Undetermined,0,0,0
WA2_trap,-5570,-28.0417,-7.5217,591,Yes,No,0,0,0
WA2_trap,-5570,-28.0417,-7.5217,591,Yes,Yes,56.505,0.00397889375,1
WA2_trap,-5570,-28.0417,-7.5217,591,NA,NA,0,0,0
WA3_trap,-5570,-28.0333,-7.5167,671,No,No,0,0,0
WA3_trap,-5570,-28.0333,-7.5167,671,No,Yes,0,0,0
WA3_trap,-5570,-28.0333,-7.5167,671,Undetermined,Undetermined,0,0,0
WA3_trap,-5570,-28.0333,-7.5167,671,Yes,No,0,0,0
WA3_trap,-5570,-28.0333,-7.5167,671,Yes,Yes,78.9,0.005555875,1
WA3_trap,-5570,-28.0333,-7.5167,671,NA,NA,0,0,0
WA3_trap,-5570,-28.0333,-7.5167,5031,No,No,0,0,0
WA3_trap,-5570,-28.0333,-7.5167,5031,No,Yes,0,0,0
WA3_trap,-5570,-28.0333,-7.5167,5031,Undetermined,Undetermined,0,0,0
WA3_trap,-5570,-28.0333,-7.5167,5031,Yes,No,0,0,0
WA3_trap,-5570,-28.0333,-7.5167,5031,Yes,Yes,160,0.011266666666666666,1
WA3_trap,-5570,-28.0333,-7.5167,5031,NA,NA,0,0,0
WAB1_trap,-5483,-28.52,-11.55,727,No,No,0,0,0
WAB1_trap,-5483,-28.52,-11.55,727,No,Yes,0.085,5.985416666666667e-6,0.009465478841870824
WAB1_trap,-5483,-28.52,-11.55,727,Undetermined,Undetermined,0,0,0
WAB1_trap,-5483,-28.52,-11.55,727,Yes,No,0,0,0
WAB1_trap,-5483,-28.52,-11.55,727,Yes,Yes,8.895,6.2635625e-4,0.9905345211581291
WAB1_trap,-5483,-28.52,-11.55,727,NA,NA,0,0,0
WAB1_trap,-5483,-28.52,-11.55,4515,No,No,0,0,0
WAB1_trap,-5483,-28.52,-11.55,4515,No,Yes,0.085,5.985416666666667e-6,0.004767246214245654
WAB1_trap,-5483,-28.52,-11.55,4515,Undetermined,Undetermined,0,0,0
WAB1_trap,-5483,-28.52,-11.55,4515,Yes,No,0,0,0
WAB1_trap,-5483,-28.52,-11.55,4515,Yes,Yes,17.744999999999997,0.00124954375,0.9952327537857543
WAB1_trap,-5483,-28.52,-11.55,4515,NA,NA,0,0,0
WAB2_trap,-5460,-28.53,-11.58,710,No,No,0,0,0
WAB2_trap,-5460,-28.53,-11.58,710,No,Yes,0.2944444444444445,2.07337962962963e-5,0.00855390574564235
WAB2_trap,-5460,-28.53,-11.58,710,Undetermined,Undetermined,0,0,0
WAB2_trap,-5460,-28.53,-11.58,710,Yes,No,0,0,0
WAB2_trap,-5460,-28.53,-11.58,710,Yes,Yes,34.12777777777778,0.002403164351851852,0.9914460942543577
WAB2_trap,-5460,-28.53,-11.58,710,NA,NA,0,0,0
WB1_trap,-1803,12.44,-23.03,968,No,No,2690.635,0.18946554791666667,0.89578994854585
WB1_trap,-1803,12.44,-23.03,968,No,Yes,301.13,0.021204570833333332,0.10025485701539295
WB1_trap,-1803,12.44,-23.03,968,Undetermined,Undetermined,0,0,0
WB1_trap,-1803,12.44,-23.03,968,Yes,No,0,0,0
WB1_trap,-1803,12.44,-23.03,968,Yes,Yes,11.88,8.3655e-4,0.00395519443875691
WB1_trap,-1803,12.44,-23.03,968,NA,NA,0,0,0
WCT1-1_trap,-4905,137,25,917,No,No,0.9611111111111111,6.767824074074074e-5,0.011121825779492124
WCT1-1_trap,-4905,137,25,917,No,Yes,0,0,0
WCT1-1_trap,-4905,137,25,917,Undetermined,Undetermined,0,0,0
WCT1-1_trap,-4905,137,25,917,Yes,No,0,0,0
WCT1-1_trap,-4905,137,25,917,Yes,Yes,85.45555555555556,0.006017495370370371,0.9888781742205079
WCT1-1_trap,-4905,137,25,917,NA,NA,0,0,0
WCT1-1_trap,-4905,137,25,4336,No,No,1.5526315789473686,1.093311403508772e-4,0.017940765067201853
WCT1-1_trap,-4905,137,25,4336,No,Yes,0,0,0
WCT1-1_trap,-4905,137,25,4336,Undetermined,Undetermined,0,0,0
WCT1-1_trap,-4905,137,25,4336,Yes,No,0,0,0
WCT1-1_trap,-4905,137,25,4336,Yes,Yes,84.98947368421052,0.005984675438596491,0.9820592349327981
WCT1-1_trap,-4905,137,25,4336,NA,NA,0,0,0
WCT1-2_trap,-5308,137,25,1388,No,No,1.0421052631578949,7.338157894736843e-5,0.0065045992115637325
WCT1-2_trap,-5308,137,25,1388,No,Yes,0,0,0
WCT1-2_trap,-5308,137,25,1388,Undetermined,Undetermined,0,0,0
WCT1-2_trap,-5308,137,25,1388,Yes,No,0,0,0
WCT1-2_trap,-5308,137,25,1388,Yes,Yes,159.16842105263157,0.011208109649122807,0.9934954007884362
WCT1-2_trap,-5308,137,25,1388,NA,NA,0,0,0
WCT1-2_trap,-5308,137,25,4758,No,No,0.4736842105263157,3.335526315789473e-5,0.0034062523654530305
WCT1-2_trap,-5308,137,25,4758,No,Yes,0,0,0
WCT1-2_trap,-5308,137,25,4758,Undetermined,Undetermined,0,0,0
WCT1-2_trap,-5308,137,25,4758,Yes,No,0,0,0
WCT1-2_trap,-5308,137,25,4758,Yes,Yes,138.58947368421053,0.009759008771929825,0.9965937476345469
WCT1-2_trap,-5308,137,25,4758,NA,NA,0,0,0
WCT2-1_trap,-5356,147,39,1371,No,No,211.445,0.014889252083333332,0.7185652144362129
WCT2-1_trap,-5356,147,39,1371,No,Yes,35.935,0.0025304229166666667,0.1221198939713179
WCT2-1_trap,-5356,147,39,1371,Undetermined,Undetermined,0,0,0
WCT2-1_trap,-5356,147,39,1371,Yes,No,0,0,0
WCT2-1_trap,-5356,147,39,1371,Yes,Yes,46.879999999999995,0.003301133333333333,0.15931489159246923
WCT2-1_trap,-5356,147,39,1371,NA,NA,0,0,0
WCT2-1_trap,-5356,147,39,4787,No,No,207.45,0.0146079375,0.7975165308319236
WCT2-1_trap,-5356,147,39,4787,No,Yes,25.839999999999996,0.0018195666666666664,0.09933876672305088
WCT2-1_trap,-5356,147,39,4787,Undetermined,Undetermined,0,0,0
WCT2-1_trap,-5356,147,39,4787,Yes,No,0,0,0
WCT2-1_trap,-5356,147,39,4787,Yes,Yes,26.830000000000002,0.0018892791666666668,0.10314470244502538
WCT2-1_trap,-5356,147,39,4787,NA,NA,0,0,0
WCT2-2_trap,-5322,147,39,1586,No,No,359.37,0.0253056375,0.7403127124405168
WCT2-2_trap,-5322,147,39,1586,No,Yes,80.53,0.005670654166666666,0.1658941556970109
WCT2-2_trap,-5322,147,39,1586,Undetermined,Undetermined,0,0,0
WCT2-2_trap,-5322,147,39,1586,Yes,No,0,0,0
WCT2-2_trap,-5322,147,39,1586,Yes,Yes,45.53,0.0032060708333333334,0.09379313186247246
WCT2-2_trap,-5322,147,39,1586,NA,NA,0,0,0
WCT2-2_trap,-5322,147,39,4787,No,No,243.02,0.017112658333333332,0.7606616899071944
WCT2-2_trap,-5322,147,39,4787,No,Yes,50.14,0.0035306916666666666,0.15694007543390143
WCT2-2_trap,-5322,147,39,4787,Undetermined,Undetermined,0,0,0
WCT2-2_trap,-5322,147,39,4787,Yes,No,0,0,0
WCT2-2_trap,-5322,147,39,4787,Yes,Yes,26.325000000000003,0.0018537187500000001,0.08239823465890418
WCT2-2_trap,-5322,147,39,4787,NA,NA,0,0,0
WR2_trap,-2196,9.15,-20.05,599,No,No,452.985,0.03189769375,0.6041129048390645
WR2_trap,-2196,9.15,-20.05,599,No,Yes,221.865,0.015622993750000001,0.29588509472083857
WR2_trap,-2196,9.15,-20.05,599,Undetermined,Undetermined,0,0,0
WR2_trap,-2196,9.15,-20.05,599,Yes,No,0,0,0
WR2_trap,-2196,9.15,-20.05,599,Yes,Yes,74.98499999999999,0.005280193749999999,0.1000020004400968
WR2_trap,-2196,9.15,-20.05,599,NA,NA,0,0,0
WR2_trap,-2196,9.15,-20.05,1648,No,No,227.3375,0.016008348958333335,0.36495896293620694
WR2_trap,-2196,9.15,-20.05,1648,No,Yes,213.575,0.015039239583333332,0.3428651696666867
WR2_trap,-2196,9.15,-20.05,1648,Undetermined,Undetermined,0,0,0
WR2_trap,-2196,9.15,-20.05,1648,Yes,No,0,0,0
WR2_trap,-2196,9.15,-20.05,1648,Yes,Yes,182,0.012815833333333334,0.2921758673971063
WR2_trap,-2196,9.15,-20.05,1648,NA,NA,0,0,0
WR3_trap,-2208,9.1617,-20.04,1648,No,No,527.3100000000001,0.0371314125,0.7517481769775248
WR3_trap,-2208,9.1617,-20.04,1648,No,Yes,164.41500000000002,0.011577556250000001,0.23439471376943308
WR3_trap,-2208,9.1617,-20.04,1648,Undetermined,Undetermined,0,0,0
WR3_trap,-2208,9.1617,-20.04,1648,Yes,No,0,0,0
WR3_trap,-2208,9.1617,-20.04,1648,Yes,Yes,9.72,6.844500000000001e-4,0.013857109253041932
WR3_trap,-2208,9.1617,-20.04,1648,NA,NA,0,0,0
WR4_trap,-2263,8.96,-20.125,1717,No,No,463.82,0.032660658333333335,0.6998838104148118
WR4_trap,-2263,8.96,-20.125,1717,No,Yes,144.425,0.010169927083333334,0.2179309200102609
WR4_trap,-2263,8.96,-20.125,1717,Undetermined,Undetermined,0,0,0
WR4_trap,-2263,8.96,-20.125,1717,Yes,No,0,0,0
WR4_trap,-2263,8.96,-20.125,1717,Yes,Yes,54.464999999999996,0.0038352437499999995,0.08218526957492718
WR4_trap,-2263,8.96,-20.125,1717,NA,NA,0,0,0
WS1_trap,-3880,-34.7667,-62.45,863,No,No,3.9319999999999995,2.768783333333333e-4,1
WS1_trap,-3880,-34.7667,-62.45,863,No,Yes,0,0,0
WS1_trap,-3880,-34.7667,-62.45,863,Undetermined,Undetermined,0,0,0
WS1_trap,-3880,-34.7667,-62.45,863,Yes,No,0,0,0
WS1_trap,-3880,-34.7667,-62.45,863,Yes,Yes,0,0,0
WS1_trap,-3880,-34.7667,-62.45,863,NA,NA,0,0,0
WS2_trap,-5000,-2.5,-62.916666,4456,No,No,147.13684210526316,0.01036088596491228,1
WS2_trap,-5000,-2.5,-62.916666,4456,No,Yes,0,0,0
WS2_trap,-5000,-2.5,-62.916666,4456,Undetermined,Undetermined,0,0,0
WS2_trap,-5000,-2.5,-62.916666,4456,Yes,No,0,0,0
WS2_trap,-5000,-2.5,-62.916666,4456,Yes,Yes,0,0,0
WS2_trap,-5000,-2.5,-62.916666,4456,NA,NA,0,0,0
WS3_trap,-5053,-2.5633,-64.9017,360,No,No,2023.615,0.14249622291666666,0.9998418921556276
WS3_trap,-5053,-2.5633,-64.9017,360,No,Yes,0,0,0
WS3_trap,-5053,-2.5633,-64.9017,360,Undetermined,Undetermined,0,0,0
WS3_trap,-5053,-2.5633,-64.9017,360,Yes,No,0,0,0
WS3_trap,-5053,-2.5633,-64.9017,360,Yes,Yes,0.31999999999999995,2.253333333333333e-5,1.581078443724724e-4
WS3_trap,-5053,-2.5633,-64.9017,360,NA,NA,0,0,0
WS4_trap,-5044,-2.5958,-64.9292,352,No,No,27.275,0.0019206145833333332,1
WS4_trap,-5044,-2.5958,-64.9292,352,No,Yes,0,0,0
WS4_trap,-5044,-2.5958,-64.9292,352,Undetermined,Undetermined,0,0,0
WS4_trap,-5044,-2.5958,-64.9292,352,Yes,No,0,0,0
WS4_trap,-5044,-2.5958,-64.9292,352,Yes,Yes,0,0,0
WS4_trap,-5044,-2.5958,-64.9292,352,NA,NA,0,0,0
NA,-1450,-12.81666,49.18333,600,No,No,175.55882352941177,0.012362267156862745,0.4562060531947418
NA,-1450,-12.81666,49.18333,600,No,Yes,74.23529411764706,0.005227401960784314,0.1929073677774381
NA,-1450,-12.81666,49.18333,600,Undetermined,Undetermined,0,0,0
NA,-1450,-12.81666,49.18333,600,Yes,No,70.35294117647058,0.0049540196078431365,0.18281870987465607
NA,-1450,-12.81666,49.18333,600,Yes,Yes,55.529411764705884,0.003910196078431373,0.14429837970039747
NA,-1450,-12.81666,49.18333,600,NA,NA,9.147058823529413,6.441053921568628e-4,0.023769489452766746
